Todd Gurley,LAR,RB,24,11,11,0,0,0,0,0,210,1043,4.97,13,56,43,441,10.26,4,1,1,17,3,0,254,297.4,304.4,275.9,165,1,1
Alvin Kamara,NOR,RB,23,11,10,0,0,0,0,0,150,706,4.71,11,73,57,519,9.11,4,0,0,15,2,0,217,273.5,279.5,245.0,127,2,2
Kareem Hunt,KAN,RB,23,11,11,0,0,0,0,0,181,824,4.55,7,35,26,378,14.54,7,0,0,14,0,0,204,230.2,236.2,217.2,114,3,3
Tyreek Hill,KAN,WR,24,11,11,0,0,0,0,0,13,81,6.23,0,94,65,1106,17.02,11,0,0,12,0,0,191,255.7,258.7,223.2,113,1,4
Patrick Mahomes,KAN,QB,23,11,11,264,391,3628,37,10,42,186,4.43,2,0,0,0,0,0,7,2,2,0,0,300,299.7,317.7,309.7,111,1,5
Ezekiel Elliott,DAL,RB,23,11,11,0,0,0,0,0,217,1074,4.95,6,62,47,363,7.72,2,4,1,8,0,0,190,236.7,243.7,213.2,100,4,6
Melvin Gordon,LAC,RB,25,9,9,0,0,0,0,0,143,741,5.18,7,58,42,448,10.67,4,1,0,11,2,0,189,230.9,236.9,209.9,99,5,7
Saquon Barkley,NYG,RB,21,10,10,0,0,0,0,0,158,728,4.61,7,79,64,540,8.44,3,0,0,10,1,0,189,252.8,258.8,220.8,99,6,8
James Conner,PIT,RB,23,10,9,0,0,0,0,0,173,796,4.60,10,60,45,411,9.13,1,3,1,11,2,0,189,233.7,240.7,211.2,99,7,9
Travis Kelce,KAN,TE,29,11,11,0,0,0,0,0,0,0,0,0,101,67,914,13.64,7,1,0,7,0,0,133,200.4,203.4,166.9,83,1,10
Michael Thomas,NOR,WR,25,11,11,0,0,0,0,0,0,0,0,0,97,86,1080,12.56,8,2,2,8,0,0,152,238.0,243.0,195.0,75,2,11
Davante Adams,GNB,WR,26,10,10,0,0,0,0,0,0,0,0,0,106,72,953,13.24,9,0,0,9,0,0,149,221.3,224.3,185.3,72,3,12
Drew Brees,NOR,QB,39,11,11,272,356,3135,29,2,24,24,1.00,3,1,1,1,1.00,0,3,0,3,0,1,260,260.9,265.9,262.4,72,2,13
Antonio Brown,PIT,WR,30,10,10,0,0,0,0,0,0,0,0,0,109,62,807,13.02,11,0,0,11,0,0,147,208.7,211.7,177.7,69,4,14
Christian McCaffrey,CAR,RB,22,10,10,0,0,0,0,0,136,632,4.65,4,71,60,496,8.27,4,1,1,8,0,0,159,218.8,225.8,188.8,69,8,15
Julio Jones,ATL,WR,29,11,11,0,0,0,0,0,2,12,6.00,0,125,84,1305,15.54,3,2,2,3,0,0,146,229.7,234.7,187.7,68,5,16
Adam Thielen,MIN,WR,28,10,10,0,0,0,0,0,2,20,10.00,0,115,85,1013,11.92,7,1,1,7,1,0,145,230.3,234.3,187.8,68,6,17
Matt Ryan,ATL,QB,33,11,11,310,434,3683,24,5,22,97,4.41,2,0,0,0,0,0,7,3,2,0,2,253,253.0,264.0,258.0,65,3,18
Jared Goff,LAR,QB,24,11,11,258,381,3547,26,6,35,88,2.51,1,0,0,0,0,0,6,2,1,0,3,251,250.7,261.7,256.7,62,4,19
DeAndre Hopkins,HOU,WR,26,10,10,0,1,0,0,0,1,-7,-7.00,0,96,68,950,13.97,8,2,2,8,0,0,138,206.3,211.3,172.3,61,7,20
Zach Ertz,PHI,TE,28,10,10,0,0,0,0,0,0,0,0,0,103,77,804,10.44,5,0,0,5,0,0,110,187.4,190.4,148.9,60,2,21
Eric Ebron,IND,TE,25,10,5,0,1,0,0,0,2,1,0.50,1,65,39,463,11.87,9,0,0,10,0,0,106,145.4,148.4,125.9,56,3,22
Odell Beckham,NYG,WR,26,10,10,1,1,57,1,0,5,19,3.80,0,106,69,932,13.51,5,2,1,5,0,0,129,198.4,202.4,163.9,52,8,23
James White,NWE,RB,26,10,3,0,0,0,0,0,61,230,3.77,4,89,66,562,8.52,6,0,0,10,0,0,139,205.2,211.2,172.2,49,9,24
Robert Woods,LAR,WR,26,11,11,0,0,0,0,0,13,111,8.54,0,90,59,904,15.32,4,0,0,4,0,0,126,184.5,190.5,155.0,48,9,25
David Johnson,ARI,RB,27,10,10,0,0,0,0,0,168,629,3.74,6,46,32,309,9.66,2,2,2,8,0,0,138,169.8,177.8,153.8,48,10,26
Brandin Cooks,LAR,WR,25,11,11,0,0,0,0,0,7,41,5.86,1,84,59,964,16.34,3,1,0,4,0,0,125,183.5,186.5,154.0,47,10,27
George Kittle,SFO,TE,25,10,10,0,0,0,0,0,0,0,0,0,71,50,775,15.50,3,0,0,3,1,0,98,147.5,150.5,122.5,47,4,28
Mike Evans,TAM,WR,25,10,10,0,0,0,0,0,0,0,0,0,91,56,957,17.09,5,2,1,6,0,0,124,179.7,189.7,157.7,46,11,29
Adrian Peterson,WAS,RB,33,11,11,0,0,0,0,0,183,758,4.14,6,20,16,177,11.06,1,3,2,7,0,0,132,147.5,155.5,139.5,42,11,30
Cam Newton,CAR,QB,29,10,10,225,329,2443,20,6,77,354,4.60,4,0,0,0,0,0,5,0,4,0,2,229,229.1,241.1,235.1,41,5,31
Ben Roethlisberger,PIT,QB,36,10,10,271,416,3202,23,10,22,76,3.45,3,1,1,-1,-1.00,0,6,2,3,0,3,228,228.6,243.6,238.1,39,6,32
O.J. Howard,TAM,TE,24,10,8,0,0,0,0,0,0,0,0,0,48,34,565,16.62,5,0,0,5,0,0,87,120.5,123.5,103.5,36,5,33
Calvin Ridley,ATL,WR,24,11,1,0,0,0,0,0,6,27,4.50,0,66,47,625,13.30,8,2,1,8,0,0,111,158.2,162.2,134.7,34,12,34
Kenny Golladay,DET,WR,25,11,9,0,0,0,0,0,1,8,8.00,0,84,52,804,15.46,5,1,0,5,0,0,111,163.2,166.2,137.2,34,13,35
Emmanuel Sanders,DEN,WR,31,10,10,1,1,28,1,0,4,53,13.25,1,80,60,763,12.72,3,1,0,4,0,0,111,170.7,173.7,140.7,33,14,36
Phillip Lindsay,DEN,RB,24,10,3,0,0,0,0,0,121,670,5.54,5,31,24,187,7.79,1,0,0,6,0,0,122,145.7,151.7,133.7,32,12,37
Jared Cook,OAK,TE,31,10,8,0,0,0,0,0,0,0,0,0,65,45,577,12.82,4,0,0,4,0,0,82,126.7,129.7,104.2,31,6,38
JuJu Smith-Schuster,PIT,WR,22,10,8,0,0,0,0,0,1,13,13.00,0,93,64,866,13.53,3,0,0,3,1,0,108,171.9,174.9,139.9,31,15,39
Tevin Coleman,ATL,RB,25,11,9,0,0,0,0,0,122,506,4.15,2,37,29,268,9.24,5,1,0,7,0,0,119,148.4,154.4,133.9,30,13,40
Stefon Diggs,MIN,WR,25,9,9,0,0,0,0,0,7,36,5.14,0,103,71,713,10.04,5,0,0,5,1,0,107,177.9,180.9,142.4,30,16,41
Mitchell Trubisky,CHI,QB,24,10,10,210,321,2469,20,9,51,363,7.12,3,0,0,0,0,0,4,2,3,0,3,217,217.1,234.1,226.1,29,7,42
Tyler Boyd,CIN,WR,24,10,10,0,1,0,0,0,2,3,1.50,0,81,56,756,13.50,5,0,0,5,0,0,106,161.9,164.9,133.9,29,17,43
Andrew Luck,IND,QB,29,10,10,269,400,2769,29,9,21,61,2.90,0,1,0,0,0,0,3,1,0,0,2,217,216.9,229.9,225.9,28,8,44
DeSean Jackson,TAM,WR,32,10,9,0,0,0,0,0,4,19,4.75,1,62,37,731,19.76,4,0,0,5,0,0,105,142.0,145.0,123.5,28,18,45
A.J. Green,CIN,WR,30,8,8,0,0,0,0,0,0,0,0,0,76,45,687,15.27,6,2,1,6,0,0,103,147.7,151.7,125.2,25,19,46
Tyler Lockett,SEA,WR,26,10,9,0,0,0,0,0,7,50,7.14,0,49,38,554,14.58,7,1,0,7,0,0,102,140.4,143.4,121.4,25,20,47
Trey Burton,CHI,TE,27,11,11,0,0,0,0,0,1,2,2.00,0,53,38,448,11.79,5,1,1,5,1,0,75,113.0,117.0,94.0,24,7,48
Keenan Allen,LAC,WR,26,10,10,0,0,0,0,0,8,75,9.38,0,87,62,776,12.52,3,3,1,3,0,0,101,163.1,167.1,132.1,24,21,49
Joe Mixon,CIN,RB,22,8,8,0,0,0,0,0,128,584,4.56,5,33,24,177,7.38,1,0,0,6,0,0,112,136.1,142.1,124.1,22,14,50
Tarik Cohen,CHI,RB,23,11,6,0,0,0,0,0,66,285,4.32,2,63,47,503,10.70,4,4,2,6,0,0,111,157.8,165.8,134.3,21,15,51
Aaron Rodgers,GNB,QB,35,10,10,238,385,3073,19,1,29,148,5.10,0,0,0,0,0,0,6,3,0,0,1,208,207.7,217.7,208.7,19,9,52
Cooper Kupp,LAR,WR,25,8,8,0,0,0,0,0,4,25,6.25,0,56,40,566,14.15,6,0,0,6,0,0,95,135.1,138.1,115.1,18,22,53
Kerryon Johnson,DET,RB,21,10,7,0,0,0,0,0,118,641,5.43,3,40,32,213,6.66,1,1,1,4,0,0,107,139.4,146.4,123.4,18,16,54
T.Y. Hilton,IND,WR,29,8,8,0,0,0,0,0,0,0,0,0,63,38,585,15.39,6,0,0,6,0,0,95,132.5,135.5,113.5,17,23,55
Austin Hooper,ATL,TE,24,11,4,0,0,0,0,0,0,0,0,0,68,55,476,8.65,3,0,0,3,1,0,68,122.6,125.6,95.1,17,8,56
T.J. Yeldon,JAX,RB,25,10,4,0,0,0,0,0,89,369,4.15,1,62,44,406,9.23,4,1,1,5,0,0,106,149.5,156.5,127.5,16,17,57
Matt Breida,SFO,RB,23,10,9,0,0,0,0,0,113,632,5.59,3,18,15,124,8.27,2,1,1,5,0,0,104,118.6,125.6,111.1,14,18,58
Jordan Reed,WAS,TE,28,11,7,0,0,0,0,0,0,0,0,0,78,50,537,10.74,2,1,1,2,0,0,64,113.7,117.7,88.7,13,9,59
Isaiah Crowell,NYJ,RB,25,10,3,0,0,0,0,0,114,552,4.84,6,18,13,111,8.54,0,0,0,6,0,0,102,115.3,121.3,108.8,13,19,60
Aaron Jones,GNB,RB,24,8,5,0,0,0,0,0,84,534,6.36,5,23,16,141,8.81,1,1,1,6,0,0,102,117.5,124.5,109.5,12,20,61
Amari Cooper,2TM,WR,24,10,10,0,0,0,0,0,1,9,9.00,0,64,44,629,14.30,4,0,0,4,0,0,88,131.8,134.8,109.8,11,24,62
Philip Rivers,LAC,QB,37,10,10,211,315,2860,23,6,13,-4,-0.31,0,0,0,0,0,0,1,0,0,0,2,198,198.0,207.0,204.0,10,10,63
John Brown,BAL,WR,28,10,9,0,0,0,0,0,3,4,1.33,0,68,35,624,17.83,4,0,0,4,0,0,87,121.8,124.8,104.3,10,25,64
Nick Chubb,CLE,RB,23,10,3,0,0,0,0,0,94,579,6.16,5,10,6,48,8.00,1,0,0,6,0,0,99,104.7,107.7,101.7,9,21,65
Vance McDonald,PIT,TE,28,9,8,0,0,0,0,0,0,0,0,0,44,33,417,12.64,3,2,1,3,0,0,58,90.7,94.7,74.2,7,10,66
Jimmy Graham,GNB,TE,32,10,9,0,0,0,0,0,0,0,0,0,57,34,452,13.29,2,0,0,2,0,0,57,91.2,94.2,74.2,7,11,67
Tyrell Williams,LAC,WR,26,10,8,0,0,0,0,0,2,15,7.50,0,42,28,519,18.54,5,1,0,5,0,0,83,111.4,114.4,97.4,6,26,68
Alex Collins,BAL,RB,24,10,10,0,0,0,0,0,114,411,3.61,7,21,15,105,7.00,1,3,3,8,0,0,94,108.6,117.6,101.1,4,22,69
Marvin Jones,DET,WR,28,9,9,0,0,0,0,0,0,0,0,0,61,35,508,14.51,5,0,0,5,0,0,81,115.8,118.8,98.3,4,27,70
Sterling Shepard,NYG,WR,25,10,10,0,0,0,0,0,1,27,27.00,0,64,44,573,13.02,3,1,0,3,1,0,80,124.0,127.0,102.0,3,28,71
Dak Prescott,DAL,QB,25,11,11,219,336,2427,13,5,58,279,4.81,5,1,0,0,0,0,9,4,5,1,0,191,191.0,206.0,196.0,3,11,72
Golden Tate,2TM,WR,30,9,4,0,0,0,0,0,4,34,8.50,0,81,51,584,11.45,3,1,0,3,0,0,80,130.8,133.8,105.3,3,29,73
Jordan Howard,CHI,RB,24,11,10,0,0,0,0,0,162,536,3.31,5,18,14,102,7.29,0,1,1,5,0,0,92,105.8,112.8,98.8,2,23,74
Shane Smith,NYG,0,25,2,0,0,0,0,0,0,0,0,0,0,0,0,0,0,0,0,0,0,0,0,0,0,0,0,0,2,75
Kirk Cousins,MIN,QB,30,10,10,289,409,2947,19,7,28,86,3.07,1,1,1,-1,-1.00,0,8,6,1,0,3,188,189.4,205.4,195.9,0,12,76
Ryan Hewitt,IND,0,27,7,1,0,0,0,0,0,0,0,0,0,1,0,0,0,0,0,0,0,0,0,0,0,0,0,0,1,77
Lamar Miller,HOU,RB,27,9,9,0,0,0,0,0,145,611,4.21,2,25,16,127,7.94,1,1,1,3,0,0,90,105.8,112.8,97.8,0,24,78
Deshaun Watson,HOU,QB,23,10,10,201,309,2597,18,9,53,275,5.19,1,0,0,0,0,0,8,2,1,0,0,187,187.4,204.4,196.4,0,13,0
Russell Wilson,SEA,QB,30,10,10,184,278,2192,23,5,38,227,5.97,0,1,1,-11,-11.00,0,9,2,0,0,0,187,188.3,201.3,192.8,0,14,0
Tom Brady,NWE,QB,41,10,10,242,371,2748,17,7,19,28,1.47,2,1,1,6,6.00,0,4,2,2,0,0,175,176.3,188.3,182.8,0,15,0
Andy Dalton,CIN,QB,31,10,10,216,348,2466,20,10,14,78,5.57,0,0,0,0,0,0,1,0,0,0,0,166,166.4,179.4,176.4,0,16,0
Ryan Fitzpatrick,TAM,QB,36,8,7,164,246,2366,17,12,36,152,4.22,2,0,0,0,0,0,4,1,2,0,1,166,165.8,184.8,177.8,0,17,0
Matthew Stafford,DET,QB,30,11,11,272,406,2841,17,10,21,64,3.05,0,0,0,0,0,0,5,3,0,0,0,162,162.0,178.0,172.0,0,18,0
Blake Bortles,JAX,QB,26,10,10,211,346,2445,12,8,44,286,6.50,1,0,0,0,0,0,8,4,1,0,0,156,156.4,174.4,164.4,0,19,0
Eli Manning,NYG,QB,37,10,10,251,364,2796,13,6,12,18,1.50,0,0,0,0,0,0,5,2,0,0,2,154,153.6,164.6,159.6,0,20,0
Derek Carr,OAK,QB,27,10,10,247,351,2633,12,8,18,43,2.39,1,0,0,0,0,0,5,3,1,0,1,144,143.6,157.6,151.6,0,21,0
Carson Wentz,PHI,QB,26,8,8,210,302,2304,15,6,24,102,4.25,0,1,1,4,4.00,0,7,5,0,0,0,141,141.8,158.8,147.3,0,22,0
Alex Smith,WAS,QB,34,10,10,205,328,2180,10,5,41,168,4.10,1,0,0,0,0,0,6,1,1,0,0,138,138.0,150.0,143.0,0,23,0
Joe Flacco,BAL,QB,33,9,9,232,379,2465,12,6,19,45,2.37,0,0,0,0,0,0,3,1,0,0,0,137,137.1,147.1,143.1,0,24,0
Case Keenum,DEN,QB,30,10,10,229,362,2605,11,10,9,35,3.89,1,0,0,0,0,0,6,1,1,0,0,136,135.7,149.7,145.7,0,25,0
Baker Mayfield,CLE,QB,23,8,7,176,285,1984,13,7,21,111,5.29,0,1,0,0,0,0,5,2,0,1,1,128,128.5,143.5,135.5,0,26,0
Marcus Mariota,TEN,QB,25,9,8,146,216,1583,7,6,47,255,5.43,2,1,1,21,21.00,0,6,2,2,0,0,115,115.9,129.9,121.4,0,27,0
Sam Darnold,NYJ,QB,21,9,9,159,289,1934,11,14,30,61,2.03,1,0,0,0,0,0,4,1,1,0,0,103,103.5,121.5,117.5,0,28,0
Kenyan Drake,MIA,RB,24,10,5,0,0,0,0,0,81,376,4.64,3,49,33,234,7.09,2,1,1,5,0,0,89,122.0,129.0,105.5,0,25,0
Marlon Mack,IND,RB,22,6,5,0,0,0,0,0,94,471,5.01,4,15,9,73,8.11,1,0,0,5,2,0,88,97.4,100.4,92.9,0,26,0
Latavius Murray,MIN,RB,28,10,6,0,0,0,0,0,96,422,4.40,5,22,18,132,7.33,0,0,0,5,1,0,87,105.4,111.4,96.4,0,27,0
Mark Ingram,NOR,RB,29,7,3,0,0,0,0,0,90,440,4.89,4,15,13,134,10.31,1,2,1,5,0,0,85,98.4,105.4,91.9,0,28,0
Austin Ekeler,LAC,RB,23,10,1,0,0,0,0,0,65,374,5.75,0,28,22,286,13.00,3,1,1,3,0,0,82,104.0,111.0,93.0,0,29,0
Jameis Winston,TAM,QB,24,5,3,108,164,1380,8,11,24,125,5.21,1,0,0,0,0,0,5,1,1,0,0,82,81.7,99.7,92.7,0,29,0
Chris Carson,SEA,RB,24,8,8,0,0,0,0,0,128,580,4.53,3,11,8,80,10.00,0,2,2,3,0,0,80,88.0,93.0,84.0,0,30,0
Dion Lewis,TEN,RB,28,10,3,0,0,0,0,0,122,420,3.44,1,41,36,278,7.72,1,1,1,2,0,0,80,115.8,122.8,97.8,0,31,0
Peyton Barber,TAM,RB,24,10,10,0,0,0,0,0,135,543,4.02,2,18,11,55,5.00,1,0,0,3,0,0,78,88.8,91.8,83.3,0,32,0
Chris Godwin,TAM,WR,22,10,0,0,0,0,0,0,0,0,0,0,57,40,533,13.33,4,3,1,4,1,0,77,117.3,121.3,97.3,0,30,0
Carlos Hyde,2TM,RB,28,9,6,0,0,0,0,0,131,442,3.37,5,12,6,29,4.83,0,1,0,5,0,0,77,83.1,86.1,80.1,0,33,0
C.J. Beathard,SFO,QB,25,6,5,102,169,1252,8,7,19,69,3.63,1,0,0,0,0,0,5,3,1,0,0,75,75.0,88.0,82.0,0,31,0
Mike Davis,SEA,RB,25,9,2,0,0,0,0,0,82,372,4.54,3,28,23,134,5.83,1,0,0,4,0,0,75,97.6,103.6,86.1,0,34,0
Josh Rosen,ARI,QB,21,8,7,125,228,1416,9,10,11,47,4.27,0,0,0,0,0,0,5,2,0,0,1,75,75.3,90.3,85.3,0,30,0
Sammy Watkins,KAN,WR,25,10,9,0,0,0,0,0,5,52,10.40,0,55,40,519,12.98,3,1,0,3,0,0,75,115.1,118.1,95.1,0,31,0
Will Fuller,HOU,WR,24,7,7,0,0,0,0,0,0,0,0,0,45,32,503,15.72,4,0,0,4,0,0,74,106.3,109.3,90.3,0,32,0
Jarvis Landry,CLE,WR,26,10,9,0,0,0,0,0,0,0,0,0,106,57,600,10.53,2,0,0,2,0,1,74,131.0,134.0,102.5,0,33,0
Corey Davis,TEN,WR,23,10,10,0,0,0,0,0,2,3,1.50,0,80,45,606,13.47,2,1,0,2,0,0,73,117.9,120.9,95.4,0,35,0
Allen Robinson,CHI,WR,25,9,8,0,0,0,0,0,0,0,0,0,62,36,494,13.72,4,0,0,4,0,0,73,109.4,112.4,91.4,0,34,0
Mohamed Sanu,ATL,WR,29,11,11,0,0,0,0,0,3,2,0.67,0,58,42,546,13.00,3,1,1,3,1,0,73,114.8,118.8,93.8,0,36,0
Anthony Miller,CHI,WR,24,10,3,1,1,8,0,0,3,15,5.00,0,48,29,398,13.72,5,0,0,5,0,0,72,100.6,103.6,86.1,0,37,0
Mike Williams,LAC,WR,24,10,2,0,0,0,0,0,4,16,4.00,0,35,20,394,19.70,5,0,0,5,0,0,71,91.0,94.0,81.0,0,38,0
Albert Wilson,MIA,WR,26,7,3,1,1,52,1,0,8,16,2.00,0,35,26,391,15.04,4,0,0,4,0,0,71,96.8,99.8,83.8,0,39,0
Devin Funchess,CAR,WR,24,10,10,0,0,0,0,0,0,0,0,0,68,41,516,12.59,3,0,0,3,0,0,70,110.6,113.6,90.1,0,41,0
Taylor Gabriel,CHI,WR,27,11,7,0,0,0,0,0,8,53,6.63,0,69,51,527,10.33,2,0,0,2,0,0,70,121.0,124.0,95.5,0,40,0
Derrick Henry,TEN,RB,24,10,9,1,1,8,0,0,110,404,3.67,4,10,8,54,6.75,0,0,0,4,0,0,70,78.1,81.1,74.1,0,36,0
Sony Michel,NWE,RB,23,7,4,0,0,0,0,0,106,453,4.27,4,8,4,31,7.75,0,1,1,4,0,0,70,74.4,78.4,72.4,0,35,0
Larry Fitzgerald,ARI,WR,35,10,10,0,0,0,0,0,0,0,0,0,67,42,430,10.24,4,0,0,4,1,0,69,111.0,114.0,90.0,0,42,0
Christian Kirk,ARI,WR,22,10,6,0,0,0,0,0,2,12,6.00,0,56,36,495,13.75,3,0,0,3,0,0,69,104.7,107.7,86.7,0,43,0
LeSean McCoy,BUF,RB,30,9,9,0,0,0,0,0,111,380,3.42,2,34,24,191,7.96,0,0,0,2,0,0,69,93.1,99.1,81.1,0,37,0
Adam Humphries,TAM,WR,25,10,6,0,0,0,0,0,2,11,5.50,0,58,40,491,12.28,3,0,0,3,0,0,68,108.2,111.2,88.2,0,44,0
D.J. Moore,CAR,WR,21,10,4,0,0,0,0,0,8,122,15.25,0,39,30,474,15.80,2,3,2,2,0,0,68,97.6,105.6,82.6,0,45,0
Brock Osweiler,MIA,QB,28,6,5,113,178,1247,6,4,8,21,2.63,0,0,0,0,0,0,1,1,0,0,1,68,68.0,76.0,72.0,0,32,0
Josh Gordon,2TM,WR,27,8,8,0,0,0,0,0,0,0,0,0,52,27,494,18.30,3,0,0,3,0,0,67,94.4,97.4,80.9,0,46,0
Frank Gore,MIA,RB,35,10,10,0,0,0,0,0,117,528,4.51,0,12,9,80,8.89,1,0,0,1,0,0,67,75.8,78.8,71.3,0,38,0
Dede Westbrook,JAX,WR,25,10,5,0,0,0,0,0,5,27,5.40,0,62,40,484,12.10,3,2,1,3,0,0,67,107.1,111.1,87.1,0,47,0
Royce Freeman,DEN,RB,22,8,7,0,0,0,0,0,78,332,4.26,5,7,5,28,5.60,0,0,0,5,0,0,66,71.0,74.0,68.5,0,41,0
Nyheim Hines,IND,RB,22,10,3,0,0,0,0,0,60,255,4.25,1,49,38,226,5.95,2,1,0,3,0,0,66,104.1,110.1,85.1,0,40,0
Alshon Jeffery,PHI,WR,28,7,7,0,0,0,0,0,0,0,0,0,57,37,422,11.41,4,1,0,4,0,0,66,103.2,106.2,84.7,0,48,0
Duke Johnson,CLE,RB,25,10,2,0,0,0,0,0,26,130,5.00,0,42,33,312,9.45,3,1,0,3,2,0,66,99.2,105.2,82.7,0,39,0
Donte Moncrief,JAX,WR,25,10,10,0,0,0,0,0,0,0,0,0,63,33,488,14.79,3,1,1,3,0,0,65,97.8,101.8,81.3,0,49,0
Marshawn Lynch,OAK,RB,32,6,6,0,0,0,0,0,90,376,4.18,3,18,15,84,5.60,0,0,0,3,0,0,64,79.0,82.0,71.5,0,42,0
Ryan Tannehill,MIA,QB,30,5,5,85,129,972,8,5,19,91,4.79,0,0,0,0,0,0,4,3,0,0,0,64,64.0,75.0,69.0,0,33,0
Demaryius Thomas,2TM,WR,31,10,10,0,0,0,0,0,0,0,0,0,59,39,463,11.87,3,0,0,3,0,0,64,103.3,106.3,83.8,0,50,0
Josh Allen,BUF,QB,22,6,5,75,139,832,2,5,35,155,4.43,3,0,0,0,0,0,4,1,3,0,0,63,62.8,74.8,67.8,0,34,0
LeGarrette Blount,DET,RB,32,11,4,0,0,0,0,0,97,271,2.79,5,6,6,54,9.00,0,1,0,5,0,0,63,68.5,71.5,65.5,0,43,0
Julian Edelman,NWE,WR,32,6,6,2,2,43,0,0,5,48,9.60,0,56,40,426,10.65,2,1,0,2,0,0,61,101.1,104.1,81.1,0,51,0
Wendell Smallwood,PHI,RB,24,10,5,0,0,0,0,0,63,257,4.08,1,25,18,173,9.61,2,2,1,3,1,0,61,79.0,86.0,70.0,0,44,0
Tre'Quan Smith,NOR,WR,22,10,5,0,0,0,0,0,0,0,0,0,33,22,371,16.86,4,0,0,4,0,0,61,83.1,86.1,72.1,0,52,0
Michael Crabtree,BAL,WR,31,10,10,0,0,0,0,0,0,0,0,0,79,42,479,11.40,2,0,0,2,0,0,60,101.9,104.9,80.9,0,53,0
Marquise Goodwin,SFO,WR,28,8,8,0,0,0,0,0,4,9,2.25,0,32,17,339,19.94,4,0,0,4,0,0,59,75.8,78.8,67.3,0,54,0
Kenny Stills,MIA,WR,26,9,9,0,0,0,0,0,0,0,0,0,33,19,326,17.16,4,0,0,4,1,0,59,77.6,80.6,68.1,0,55,0
Javorius Allen,BAL,RB,27,10,0,0,0,0,0,0,40,108,2.70,3,43,35,196,5.60,2,1,1,5,0,0,58,93.4,100.4,75.9,0,45,0
Cole Beasley,DAL,WR,29,11,3,0,1,0,0,0,0,0,0,0,61,46,459,9.98,2,0,0,2,0,0,58,103.9,106.9,80.9,0,57,0
Courtland Sutton,DEN,WR,23,10,3,0,0,0,0,0,0,0,0,0,48,23,459,19.96,2,0,0,2,0,0,58,80.9,83.9,69.4,0,56,0
Danny Amendola,MIA,WR,33,10,10,1,1,28,1,0,0,0,0,0,61,47,456,9.70,1,0,0,1,0,0,57,103.7,106.7,80.2,0,59,0
Ito Smith,ATL,RB,23,11,0,0,0,0,0,0,63,199,3.16,4,24,21,133,6.33,0,1,0,4,0,0,57,78.2,84.2,67.7,0,46,0
Willie Snead,BAL,WR,26,10,4,0,0,0,0,0,1,13,13.00,0,77,50,499,9.98,1,0,0,1,0,0,57,107.2,110.2,82.2,0,58,0
David Moore,SEA,WR,23,10,3,0,0,0,0,0,1,5,5.00,0,32,18,310,17.22,4,2,0,4,0,0,56,73.5,76.5,64.5,0,60,0
Nelson Agholor,PHI,WR,25,10,10,1,1,15,0,0,3,32,10.67,0,70,46,455,9.89,1,1,0,1,0,0,55,101.3,104.3,78.3,0,61,0
Jordy Nelson,OAK,WR,33,9,8,0,0,0,0,0,0,0,0,0,39,25,353,14.12,3,1,0,3,1,0,55,80.3,83.3,67.8,0,62,0
Jalen Richard,OAK,RB,25,10,1,0,0,0,0,0,29,118,4.07,0,59,51,432,8.47,0,1,0,0,0,0,55,106.0,112.0,80.5,0,47,0
Marquez Valdes-Scantling,GNB,WR,24,10,7,0,0,0,0,0,0,0,0,0,42,24,410,17.08,2,0,0,2,0,0,53,77.0,80.0,65.0,0,63,0
Leonard Fournette,JAX,RB,23,4,4,0,0,0,0,0,72,219,3.04,2,11,11,121,11.00,1,0,0,3,0,0,52,63.0,69.0,57.5,0,48,0
Jakeem Grant,MIA,WR,26,10,2,0,0,0,0,0,1,5,5.00,0,34,21,268,12.76,2,0,0,4,0,0,51,72.3,75.3,61.8,0,64,0
Zay Jones,BUF,WR,23,10,9,0,0,0,0,0,1,0,0.00,0,59,37,392,10.59,2,1,0,2,0,0,51,88.2,91.2,69.7,0,65,0
Greg Olsen,CAR,TE,33,7,7,0,0,0,0,0,0,0,0,0,33,24,267,11.13,4,0,0,4,0,0,51,74.7,77.7,62.7,0,12,0
Alfred Blue,HOU,RB,27,10,1,0,0,0,0,0,102,343,3.36,1,15,11,94,8.55,0,0,0,1,0,0,50,60.7,63.7,55.2,0,50,0
Chris Ivory,BUF,RB,30,9,1,0,0,0,0,0,80,280,3.50,1,19,12,159,13.25,0,0,0,1,0,0,50,61.9,67.9,55.9,0,49,0
Curtis Samuel,CAR,WR,22,7,2,0,0,0,0,0,4,43,10.75,2,23,17,179,10.53,3,1,1,5,0,0,50,67.2,71.2,58.7,0,66,0
Rob Gronkowski,NWE,TE,29,7,7,0,0,0,0,0,0,0,0,0,43,29,448,15.45,1,1,1,1,0,0,49,77.8,81.8,63.3,0,13,0
David Njoku,CLE,TE,22,10,8,0,0,0,0,0,0,0,0,0,58,36,368,10.22,2,0,0,2,0,0,49,84.8,87.8,66.8,0,14,0
Cordarrelle Patterson,NWE,WR,27,10,4,0,0,0,0,0,32,146,4.56,1,16,12,121,10.08,2,1,1,4,0,0,49,60.7,67.7,54.7,0,67,0
Bilal Powell,NYJ,RB,30,7,7,0,0,0,0,0,80,343,4.29,0,18,11,110,10.00,1,2,1,1,0,0,49,60.3,67.3,54.8,0,51,0
Robby Anderson,NYJ,WR,25,8,5,0,0,0,0,0,2,-8,-4.00,0,42,21,346,16.48,3,2,2,3,0,0,48,68.8,73.8,58.3,0,68,0
Jimmy Garoppolo,SFO,QB,27,3,3,53,89,718,5,3,8,33,4.13,0,0,0,0,0,0,4,0,0,0,1,48,48.0,54.0,51.0,0,35,0
Kyle Rudolph,MIN,TE,29,10,10,0,0,0,0,0,0,0,0,0,50,36,362,10.06,2,0,0,2,0,0,48,84.2,87.2,66.2,0,15,0
Giovani Bernard,CIN,RB,27,6,3,0,0,0,0,0,38,166,4.37,3,28,20,128,6.40,0,0,0,3,0,0,47,67.4,73.4,57.4,0,52,0
Antonio Callaway,CLE,WR,21,10,8,0,0,0,0,0,2,7,3.50,0,55,26,326,12.54,2,0,0,2,1,0,47,73.3,76.3,60.3,0,69,0
Jesse James,PIT,TE,24,10,4,0,0,0,0,0,0,0,0,0,28,22,344,15.64,2,0,0,2,0,0,46,68.4,71.4,57.4,0,16,0
Josh Doctson,WAS,WR,26,10,7,0,0,0,0,0,0,0,0,0,56,32,334,10.44,2,0,0,2,0,0,45,77.4,80.4,61.4,0,70,0
Chris Hogan,NWE,WR,30,10,4,0,0,0,0,0,0,0,0,0,36,23,333,14.48,2,0,0,2,0,0,45,68.3,71.3,56.8,0,71,0
Kapri Bibbs,WAS,RB,25,9,0,0,0,0,0,0,20,101,5.05,3,18,13,102,7.85,1,1,0,4,0,0,44,57.3,63.3,50.8,0,53,0
Chris Conley,KAN,WR,26,11,8,0,0,0,0,0,0,0,0,0,32,22,223,10.14,4,1,1,4,0,0,44,66.3,70.3,55.3,0,72,0
Christopher Herndon,NYJ,TE,22,10,7,0,0,0,0,0,0,0,0,0,26,19,257,13.53,3,1,0,3,0,0,44,62.7,65.7,53.2,0,17,0
Rashaad Penny,SEA,RB,22,10,0,0,0,0,0,0,62,300,4.84,1,12,9,75,8.33,0,0,0,1,0,0,44,52.5,55.5,48.0,0,54,0
Corey Clement,PHI,RB,24,8,0,0,0,0,0,0,57,191,3.35,2,20,17,114,6.71,0,3,0,2,0,0,43,59.5,65.5,51.0,0,56,0
Vernon Davis,WAS,TE,34,11,8,0,0,0,0,0,0,0,0,0,25,17,305,17.94,2,0,0,2,0,0,43,59.5,62.5,51.0,0,19,0
Lamar Jackson,BAL,QB,21,10,1,20,31,237,1,1,54,258,4.78,1,2,0,0,0,0,3,0,1,0,0,43,43.3,47.3,44.3,0,36,0
Ben Watson,NOR,TE,38,11,4,0,0,0,0,0,0,0,0,0,36,28,313,11.18,2,0,0,2,0,0,43,71.3,74.3,57.3,0,18,0
Jamaal Williams,GNB,RB,23,10,5,0,0,0,0,0,74,275,3.72,1,19,10,77,7.70,0,0,0,1,1,0,43,53.2,56.2,48.2,0,55,0
Geronimo Allison,GNB,WR,24,5,4,0,0,0,0,0,0,0,0,0,30,20,303,15.15,2,1,0,2,0,0,42,62.3,65.3,52.3,0,73,0
Alfred Morris,SFO,RB,30,10,1,0,0,0,0,0,93,313,3.37,1,12,6,66,11.00,0,2,1,1,0,0,42,47.9,51.9,44.9,0,57,0
Kendrick Bourne,SFO,WR,23,10,2,0,0,0,0,0,0,0,0,0,37,23,230,10.00,3,0,0,3,0,0,41,64.0,67.0,52.5,0,75,0
Gerald Everett,LAR,TE,24,11,0,0,0,0,0,0,0,0,0,0,27,18,210,11.67,3,0,0,3,1,0,41,59.0,62.0,50.0,0,20,0
Rashard Higgins,CLE,WR,24,7,1,0,0,0,0,0,0,0,0,0,28,20,291,14.55,2,1,0,2,0,0,41,61.1,64.1,51.1,0,74,0
Tyrod Taylor,CLE,QB,29,4,3,42,85,473,2,2,16,125,7.81,1,0,0,0,0,0,3,0,1,0,0,41,41.4,49.4,43.4,0,37,0
Keelan Cole,JAX,WR,25,10,7,0,0,0,0,0,0,0,0,0,49,29,375,12.93,1,2,2,1,0,0,40,68.5,73.5,54.0,0,78,0
Chester Rogers,IND,WR,24,10,6,0,0,0,0,0,1,-4,-4.00,0,50,34,304,8.94,1,0,0,1,2,0,40,74.0,77.0,57.0,0,76,0
Tajae Sharpe,TEN,WR,24,10,9,0,0,0,0,0,1,16,16.00,0,35,22,259,11.77,2,0,0,2,0,0,40,61.5,64.5,50.5,0,77,0
Jordan Wilkins,IND,RB,24,10,3,0,0,0,0,0,57,318,5.58,1,11,10,42,4.20,0,1,1,1,0,0,40,50.0,54.0,45.0,0,58,0
Doug Baldwin,SEA,WR,30,8,8,0,0,0,0,0,0,0,0,0,39,30,327,10.90,1,0,0,1,0,0,39,68.7,71.7,53.7,0,80,0
Evan Engram,NYG,TE,24,7,5,0,0,0,0,0,1,10,10.00,0,33,23,257,11.17,2,0,0,2,0,0,39,61.7,64.7,50.2,0,21,0
Quincy Enunwa,NYJ,WR,26,8,7,0,0,0,0,0,1,0,0.00,0,55,29,345,11.90,1,2,1,1,0,0,39,67.5,71.5,53.0,0,81,0
Doug Martin,OAK,RB,29,10,3,0,0,0,0,0,76,333,4.38,0,13,11,79,7.18,0,1,1,0,0,0,39,50.2,54.2,44.7,0,59,0
Paul Richardson,WAS,WR,26,7,4,0,0,0,0,0,2,9,4.50,0,35,20,262,13.10,2,0,0,2,0,0,39,59.1,62.1,49.1,0,79,0
Seth Roberts,OAK,WR,27,9,1,0,0,0,0,0,0,0,0,0,38,25,265,10.60,2,0,0,2,0,0,39,63.5,66.5,51.0,0,82,0
Jay Ajayi,PHI,RB,25,4,3,0,0,0,0,0,45,184,4.09,3,6,5,20,4.00,0,1,1,3,1,0,38,43.4,47.4,40.9,0,60,0
Mark Andrews,BAL,TE,22,10,3,0,0,0,0,0,0,0,0,0,33,22,263,11.95,2,0,0,2,0,0,38,60.3,63.3,49.3,0,22,0
Aldrick Robinson,MIN,WR,30,8,0,0,0,0,0,0,0,0,0,0,15,9,139,15.44,4,0,0,4,0,0,38,46.9,49.9,42.4,0,84,0
John Ross,CIN,WR,24,7,5,0,0,0,0,0,1,-3,-3.00,0,29,11,145,13.18,4,0,0,4,0,0,38,49.2,52.2,43.7,0,83,0
Chris Thompson,WAS,RB,28,5,0,0,0,0,0,0,26,113,4.35,0,34,28,209,7.46,1,0,0,1,0,0,38,66.2,72.2,52.2,0,61,0
Phillip Dorsett,NWE,WR,25,10,2,0,0,0,0,0,0,0,0,0,30,25,246,9.84,2,0,0,2,0,0,37,61.6,64.6,49.1,0,87,0
Dallas Goedert,PHI,TE,23,10,5,0,0,0,0,0,0,0,0,0,24,18,188,10.44,3,0,0,3,0,0,37,54.8,57.8,45.8,0,24,0
Terrelle Pryor,2TM,WR,29,8,1,0,0,0,0,0,1,-1,-1.00,0,30,16,252,15.75,2,0,0,2,0,0,37,53.1,56.1,45.1,0,85,0
Josh Reynolds,LAR,WR,23,11,3,0,0,0,0,0,2,8,4.00,0,20,13,178,13.69,3,0,0,3,0,0,37,49.6,52.6,43.1,0,86,0
C.J. Uzomah,CIN,TE,25,10,9,0,0,0,0,0,0,0,0,0,32,23,248,10.78,2,0,0,2,0,0,37,59.8,62.8,48.3,0,23,0
Kelvin Benjamin,BUF,WR,27,10,8,0,0,0,0,0,0,0,0,0,56,20,302,15.10,1,0,0,1,0,0,36,56.2,59.2,46.2,0,89,0
Michael Gallup,DAL,WR,22,11,5,0,0,0,0,0,0,0,0,0,42,18,304,16.89,1,0,0,1,0,0,36,54.4,57.4,45.4,0,88,0
Antonio Gates,LAC,TE,38,10,0,0,0,0,0,0,0,0,0,0,30,18,221,12.28,2,0,0,2,1,0,36,54.1,57.1,45.1,0,25,0
Jeff Heuerman,DEN,TE,26,10,9,0,0,0,0,0,0,0,0,0,45,29,237,8.17,2,0,0,2,0,0,36,64.7,67.7,50.2,0,26,0
Devontae Booker,DEN,RB,26,10,0,0,0,0,0,0,25,144,5.76,1,30,23,162,7.04,0,1,1,1,0,0,35,57.6,64.6,46.1,0,64,0
Pierre Garcon,SFO,WR,32,8,8,0,0,0,0,0,0,0,0,0,45,24,286,11.92,1,0,0,1,0,0,35,58.6,61.6,46.6,0,93,0
Ryan Grant,IND,WR,28,8,6,0,0,0,0,0,0,0,0,0,40,29,291,10.03,1,0,0,1,0,0,35,64.1,67.1,49.6,0,90,0
Allen Hurns,DAL,WR,27,11,6,0,0,0,0,0,0,0,0,0,32,17,228,13.41,2,1,0,2,0,0,35,51.8,54.8,43.3,0,91,0
Theo Riddick,DET,RB,27,9,2,0,0,0,0,0,11,42,3.82,0,58,48,312,6.50,0,0,0,0,0,0,35,83.4,86.4,59.4,0,62,0
Spencer Ware,KAN,RB,27,11,0,0,0,0,0,0,22,124,5.64,1,19,14,165,11.79,0,0,0,1,0,0,35,48.9,54.9,41.9,0,63,0
Jarius Wright,CAR,WR,29,10,5,0,0,0,0,0,1,34,34.00,0,33,24,232,9.67,1,1,0,1,1,0,35,58.6,61.6,46.6,0,92,0
Malcolm Brown,LAR,RB,25,11,0,0,0,0,0,0,41,204,4.98,0,7,5,52,10.40,1,0,0,1,1,0,34,38.6,41.6,36.1,0,65,0
Jordan Matthews,PHI,WR,26,8,3,0,0,0,0,0,0,0,0,0,21,16,277,17.31,1,0,0,1,0,0,34,49.7,52.7,41.7,0,94,0
Keke Coutee,HOU,WR,21,5,2,0,0,0,0,0,3,0,0.00,0,39,26,273,10.50,1,0,0,1,0,0,33,59.3,62.3,46.3,0,95,0
Kyle Juszczyk,SFO,RB,27,10,9,0,0,0,0,0,6,21,3.50,0,31,23,265,11.52,1,1,1,1,0,0,33,55.6,59.6,44.1,0,66,0
Raheem Mostert,SFO,RB,26,9,0,0,0,0,0,0,34,261,7.68,1,7,6,25,4.17,0,1,1,1,0,0,33,38.6,42.6,35.6,0,67,0
Ricky Seals-Jones,ARI,TE,23,10,5,0,0,0,0,0,0,0,0,0,51,25,272,10.88,1,0,0,1,0,0,33,58.2,61.2,45.7,0,27,0
Cameron Brate,TAM,TE,27,10,1,0,0,0,0,0,0,0,0,0,26,17,159,9.35,3,1,1,3,0,0,32,48.9,52.9,40.4,0,29,0
Tyler Higbee,LAR,TE,25,11,11,0,0,0,0,0,0,0,0,0,25,17,198,11.65,2,1,0,2,0,0,32,48.8,51.8,40.3,0,31,0
Ty Montgomery,2TM,WR,25,8,0,0,0,0,0,0,26,110,4.23,1,23,15,170,11.33,0,2,1,1,0,0,32,47.0,54.0,39.5,0,96,0
Nick Mullens,SFO,QB,23,2,2,43,61,512,4,2,6,-2,-0.33,0,0,0,0,0,0,1,0,0,0,0,32,32.3,37.3,34.3,0,38,0
Jordan Thomas,HOU,TE,22,10,8,0,0,0,0,0,0,0,0,0,15,10,138,13.80,3,0,0,3,0,0,32,41.8,44.8,36.8,0,30,0
Laquon Treadwell,MIN,WR,23,10,5,0,0,0,0,0,0,0,0,0,42,28,260,9.29,1,0,0,1,0,0,32,60.0,63.0,46.0,0,97,0
Nick Vannett,SEA,TE,25,9,6,0,0,0,0,0,0,0,0,0,33,21,203,9.67,2,1,0,2,0,0,32,53.3,56.3,42.8,0,28,0
Tavon Austin,DAL,WR,28,6,0,0,0,0,0,0,6,55,9.17,0,9,7,130,18.57,2,0,0,2,0,0,31,37.5,40.5,34.0,0,99,0
Torrey Smith,CAR,WR,29,6,5,0,0,0,0,0,0,0,0,0,27,16,171,10.69,2,0,0,2,1,0,31,47.1,50.1,39.1,0,98,0
Randall Cobb,GNB,WR,28,5,4,0,0,0,0,0,0,0,0,0,38,26,258,9.92,1,2,1,1,0,0,30,55.8,59.8,42.8,0,101,0
Maurice Harris,WAS,WR,26,9,4,0,0,0,0,0,2,10,5.00,0,43,27,291,10.78,0,0,0,0,0,0,30,57.1,60.1,43.6,0,100,0
Geoff Swaim,DAL,TE,25,9,9,0,0,0,0,0,0,0,0,0,32,26,242,9.31,1,0,0,1,0,0,30,56.2,59.2,43.2,0,32,0
Josh Adams,PHI,RB,22,8,1,0,0,0,0,0,34,207,6.09,1,7,4,25,6.25,0,0,0,1,0,0,29,33.2,36.2,31.2,0,68,0
Jonnu Smith,TEN,TE,23,10,10,0,0,0,0,0,0,0,0,0,25,16,166,10.38,2,1,0,2,0,0,29,44.6,47.6,36.6,0,33,0
Dalvin Cook,MIN,RB,23,5,4,0,0,0,0,0,55,199,3.62,0,19,16,125,7.81,0,2,2,0,0,0,28,44.4,52.4,36.4,0,69,0
Will Dissly,SEA,TE,22,4,4,0,0,0,0,0,0,0,0,0,14,8,156,19.50,2,0,0,2,0,0,28,35.6,38.6,31.6,0,35,0
Ted Ginn,NOR,WR,33,4,3,0,0,0,0,0,3,26,8.67,0,22,12,135,11.25,2,1,1,2,1,0,28,40.1,44.1,34.1,0,102,0
Michael Roberts,DET,TE,24,7,2,0,0,0,0,0,0,0,0,0,18,9,100,11.11,3,0,0,3,0,0,28,37.0,40.0,32.5,0,34,0
Martavis Bryant,OAK,WR,27,8,2,0,0,0,0,0,3,23,7.67,0,26,19,266,14.00,0,1,1,0,0,0,27,45.9,49.9,36.4,0,103,0
Jack Doyle,IND,TE,28,5,5,0,0,0,0,0,0,0,0,0,29,22,229,10.41,1,1,1,1,0,0,27,48.9,52.9,37.9,0,36,0
Gus Edwards,BAL,RB,23,5,0,0,0,0,0,0,32,179,5.59,1,1,1,7,7.00,0,0,0,1,1,0,27,27.6,30.6,27.1,0,70,0
Jaron Brown,SEA,WR,28,10,2,0,0,0,0,0,0,0,0,0,12,8,83,10.38,3,0,0,3,0,0,26,34.3,34.3,30.3,0,104,0
Brandon LaFell,OAK,WR,32,6,5,0,0,0,0,0,0,0,0,0,16,12,135,11.25,2,0,0,2,0,0,26,37.5,40.5,31.5,0,105,0
Erik Swoope,IND,TE,26,5,2,0,0,0,0,0,0,0,0,0,8,7,83,11.86,3,0,0,3,0,0,26,33.3,33.3,29.8,0,37,0
Virgil Green,LAC,TE,30,10,10,0,0,0,0,0,0,0,0,0,20,15,189,12.60,1,0,0,1,0,0,25,39.9,42.9,32.4,0,38,0
Colt McCoy,WAS,QB,32,3,1,30,50,322,3,3,10,63,6.30,0,0,0,0,0,0,1,0,0,0,0,25,25.2,31.2,28.2,0,39,0
Taywan Taylor,TEN,WR,23,8,1,0,0,0,0,0,0,0,0,0,30,21,214,10.19,1,1,1,1,0,0,25,46.4,50.4,35.9,0,106,0
Tyler Eifert,CIN,TE,28,4,2,0,0,0,0,0,0,0,0,0,19,15,179,11.93,1,0,0,1,0,0,24,38.9,41.9,31.4,0,39,0
Taysom Hill,NOR,QB,28,11,3,3,6,64,0,0,32,174,5.44,1,4,2,1,0.50,0,1,1,1,0,0,24,26.1,30.1,25.1,0,40,0
Mo Alie-Cox,IND,TE,25,6,0,0,0,0,0,0,0,0,0,0,11,6,112,18.67,2,0,0,2,0,0,23,29.2,32.2,26.2,0,40,0
Jamison Crowder,WAS,WR,25,4,3,0,0,0,0,0,3,35,11.67,0,20,13,134,10.31,1,0,0,1,0,0,23,35.9,38.9,29.4,0,109,0
Bruce Ellington,2TM,WR,27,5,2,0,0,0,0,0,1,2,2.00,0,28,20,172,8.60,1,0,0,1,0,0,23,43.4,46.4,33.4,0,107,0
Jermaine Kearse,NYJ,WR,28,9,5,0,0,0,0,0,0,0,0,0,53,24,231,9.63,0,0,0,0,0,0,23,47.1,50.1,35.1,0,108,0
DeVante Parker,MIA,WR,25,5,4,0,0,0,0,0,0,0,0,0,26,14,225,16.07,0,0,0,0,0,0,23,36.5,39.5,29.5,0,110,0
Austin Carr,NOR,WR,25,11,1,0,0,0,0,0,0,0,0,0,13,9,97,10.78,2,0,0,2,0,0,22,30.7,30.7,26.2,0,112,0
Rhett Ellison,NYG,TE,30,9,8,0,0,0,0,0,0,0,0,0,19,15,135,9.00,1,0,0,1,1,0,22,36.5,39.5,29.0,0,43,0
Demetrius Harris,KAN,TE,27,10,2,0,0,0,0,0,0,0,0,0,13,6,97,16.17,2,0,0,2,0,0,22,27.7,27.7,24.7,0,42,0
Josh Hill,NOR,TE,28,11,6,0,0,0,0,0,0,0,0,0,16,12,160,13.33,1,0,0,1,0,0,22,34.0,37.0,28.0,0,41,0
Marcus Murphy,BUF,RB,27,7,0,0,0,0,0,0,36,198,5.50,0,18,10,18,1.80,0,1,0,0,0,0,22,31.6,34.6,26.6,0,71,0
Ryan Switzer,PIT,WR,24,10,1,0,0,0,0,0,4,14,3.50,0,25,21,147,7.00,1,0,0,1,0,0,22,43.1,46.1,32.6,0,111,0
Ed Dickson,SEA,TE,31,4,0,0,0,0,0,0,0,0,0,0,5,4,93,23.25,2,0,0,2,0,0,21,25.3,25.3,23.3,0,44,0
Jacquizz Rodgers,TAM,RB,28,10,0,0,0,0,0,0,19,54,2.84,0,26,21,177,8.43,0,1,1,0,0,0,21,42.1,46.1,31.6,0,72,0
Trent Taylor,SFO,WR,24,8,0,0,0,0,0,0,0,0,0,0,29,19,150,7.89,1,1,0,1,0,0,21,40.0,43.0,30.5,0,113,0
Nick Foles,PHI,QB,29,2,2,54,82,451,1,1,4,7,1.75,0,1,1,10,10.00,0,2,1,0,0,0,20,20.7,25.7,21.2,0,41,0
Marvin Hall,ATL,WR,25,11,0,0,0,0,0,0,1,3,3.00,0,13,9,139,15.44,1,0,0,1,0,0,20,29.2,32.2,24.7,0,114,0
Brandon Marshall,SEA,WR,34,6,2,0,0,0,0,0,0,0,0,0,23,11,136,12.36,1,0,0,1,0,0,20,30.6,33.6,25.1,0,116,0
Zach Pascal,IND,WR,24,10,2,0,0,0,0,0,1,8,8.00,0,29,16,131,8.19,1,0,0,1,0,0,20,35.9,38.9,27.9,0,115,0
C.J. Anderson,CAR,RB,27,9,1,0,0,0,0,0,24,104,4.33,0,3,1,24,24.00,1,0,0,1,0,0,19,19.8,22.8,19.3,0,73,0
Dan Arnold,NOR,TE,23,7,1,0,0,0,0,0,0,0,0,0,15,10,130,13.00,1,0,0,1,0,0,19,29.0,32.0,24.0,0,45,0
Blaine Gabbert,TEN,QB,29,4,2,36,61,360,2,2,2,2,1.00,0,0,0,0,0,0,0,0,0,0,0,19,18.6,23.6,20.6,0,42,0
Dontrelle Inman,IND,WR,29,4,3,0,0,0,0,0,0,0,0,0,17,14,127,9.07,1,0,0,1,0,0,19,32.7,35.7,25.7,0,117,0
Chase Daniel,CHI,QB,32,4,1,27,37,230,2,0,9,-1,-0.11,0,1,1,8,8.00,0,0,0,0,0,0,18,18.9,18.9,18.4,0,43,0
Matt Barkley,BUF,QB,28,1,1,15,25,232,2,0,3,-2,-0.67,0,0,0,0,0,0,0,0,0,0,0,17,17.1,17.1,17.1,0,44,0
Nick Boyle,BAL,TE,25,10,8,0,0,0,0,0,0,0,0,0,31,18,172,9.56,0,0,0,0,0,0,17,35.2,38.2,26.2,0,46,0
Trenton Cannon,NYJ,RB,24,10,0,0,0,0,0,0,18,59,3.28,0,15,10,107,10.70,0,0,0,0,0,0,17,26.6,29.6,21.6,0,74,0
Jason Croom,BUF,TE,24,10,0,0,0,0,0,0,0,0,0,0,21,13,131,10.08,1,1,1,2,0,0,17,30.1,40.1,29.6,0,47,0
Dante Pettis,SFO,WR,23,7,2,0,0,0,0,0,0,0,0,0,14,7,108,15.43,1,2,0,1,0,0,17,23.8,26.8,20.3,0,119,0
Chad Williams,ARI,WR,24,8,5,0,0,0,0,0,0,0,0,0,31,11,113,10.27,1,0,0,1,0,0,17,28.3,31.3,22.8,0,118,0
Josh Bellamy,CHI,WR,29,11,2,0,0,0,0,0,0,0,0,0,17,10,83,8.30,1,0,0,1,1,0,16,26.3,26.3,21.3,0,121,0
Andre Holmes,BUF,WR,30,10,3,0,0,0,0,0,0,0,0,0,23,12,157,13.08,0,0,0,0,0,0,16,27.7,30.7,21.7,0,124,0
Marcus Johnson,IND,WR,24,5,0,0,0,0,0,0,1,-2,-2.00,0,8,6,102,17.00,1,0,0,1,0,0,16,22.0,25.0,19.0,0,123,0
Lance Kendricks,GNB,TE,30,10,1,0,0,0,0,0,0,0,0,0,16,11,103,9.36,1,0,0,1,0,0,16,27.3,30.3,21.8,0,48,0
Chris Moore,BAL,WR,25,10,0,0,0,0,0,0,4,22,5.50,0,16,13,142,10.92,0,0,0,0,0,0,16,29.4,32.4,22.9,0,120,0
Demarcus Robinson,KAN,WR,24,11,1,0,0,0,0,0,0,0,0,0,17,11,95,8.64,1,0,0,1,0,0,16,26.5,26.5,21.0,0,125,0
Equanimeous St. Brown,GNB,WR,22,7,3,0,0,0,0,0,0,0,0,0,19,10,162,16.20,0,0,0,0,0,0,16,26.2,29.2,21.2,0,122,0
Luke Stocker,TEN,TE,30,10,6,0,0,0,0,0,0,0,0,0,14,10,95,9.50,1,0,0,1,0,0,16,25.5,25.5,20.5,0,49,0
DJ Chark,JAX,WR,22,10,0,0,0,0,0,0,0,0,0,0,30,14,174,12.43,0,1,1,0,0,0,15,29.4,33.4,22.4,0,127,0
Charles Clay,BUF,TE,29,9,8,0,0,0,0,0,0,0,0,0,31,19,169,8.89,0,1,1,0,0,0,15,33.9,37.9,24.4,0,55,0
Chase Edmonds,ARI,RB,22,10,0,0,0,0,0,0,29,85,2.93,0,15,13,63,4.85,0,0,0,0,0,0,15,27.8,27.8,21.3,0,75,0
Darren Fells,CLE,TE,32,10,6,0,0,0,0,0,0,0,0,0,7,6,90,15.00,1,0,0,1,0,0,15,21.0,21.0,18.0,0,54,0
Mike Gesicki,MIA,TE,23,10,3,0,0,0,0,0,0,0,0,0,24,17,151,8.88,0,0,0,0,0,0,15,32.1,35.1,23.6,0,51,0
Ryan Griffin,HOU,TE,28,8,6,0,0,0,0,0,0,0,0,0,27,11,153,13.91,0,0,0,0,0,0,15,26.3,29.3,20.8,0,50,0
Cameron Meredith,NOR,WR,26,6,1,0,0,0,0,0,0,0,0,0,10,9,114,12.67,1,1,1,1,0,0,15,24.4,28.4,19.9,0,126,0
James O'Shaughnessy,JAX,TE,26,8,4,0,0,0,0,0,0,0,0,0,25,15,151,10.07,0,0,0,0,0,0,15,30.1,33.1,22.6,0,52,0
Tim Patrick,DEN,WR,25,10,2,0,0,0,0,0,1,13,13.00,0,11,4,73,18.25,1,0,0,1,0,0,15,18.6,18.6,16.6,0,128,0
Austin Seferian-Jenkins,JAX,TE,26,5,5,0,0,0,0,0,0,0,0,0,20,11,90,8.18,1,0,0,1,0,0,15,26.0,26.0,20.5,0,53,0
Robert Foster,BUF,WR,24,7,1,0,0,0,0,0,0,0,0,0,13,5,135,27.00,0,0,0,0,0,0,14,18.5,21.5,16.0,0,132,0
Ronald Jones,TAM,RB,21,4,0,0,0,0,0,0,19,42,2.21,1,7,6,34,5.67,0,0,0,1,0,0,14,19.6,19.6,16.6,0,77,0
Keith Kirkwood,NOR,WR,25,3,0,0,0,0,0,0,0,0,0,0,10,6,83,13.83,1,0,0,1,0,0,14,20.3,20.3,17.3,0,129,0
Matt LaCosse,DEN,TE,26,10,1,0,0,0,0,0,0,0,0,0,17,11,137,12.45,0,0,0,0,0,0,14,24.7,27.7,19.2,0,56,0
Nick O'Leary,MIA,TE,26,6,4,0,0,0,0,0,0,0,0,0,8,7,77,11.00,1,0,0,1,0,0,14,20.7,20.7,17.2,0,57,0
Trey Quinn,WAS,WR,23,3,2,0,0,0,0,0,1,0,0.00,0,10,9,75,8.33,1,0,0,1,0,0,14,22.5,22.5,18.0,0,133,0
Damion Ratley,CLE,WR,23,7,3,0,0,0,0,0,0,0,0,0,19,12,142,11.83,0,0,0,0,0,0,14,26.2,29.2,20.2,0,130,0
Anthony Sherman,KAN,RB,30,11,1,0,0,0,0,0,0,0,0,0,6,6,77,12.83,1,0,0,1,0,0,14,19.7,19.7,16.7,0,76,0
James Washington,PIT,WR,22,9,5,0,0,0,0,0,0,0,0,0,22,8,77,9.63,1,0,0,1,0,0,14,21.7,21.7,17.7,0,131,0
Maxx Williams,BAL,TE,24,7,5,0,0,0,0,0,2,8,4.00,0,14,14,127,9.07,0,0,0,0,0,0,14,27.5,30.5,20.5,0,58,0
Jordan Akins,HOU,TE,26,10,3,0,0,0,0,0,0,0,0,0,16,11,131,11.91,0,0,0,0,0,0,13,24.1,27.1,18.6,0,60,0
Alex Armah,CAR,RB,24,10,1,0,0,0,0,0,7,14,2.00,2,0,0,0,0,0,0,0,2,0,0,13,13.4,13.4,13.4,0,78,0
Sam Bradford,ARI,QB,31,3,3,50,80,400,2,4,2,7,3.50,0,0,0,0,0,0,3,2,0,0,0,13,12.7,21.7,16.7,0,47,0
Jeff Driskel,CIN,QB,25,3,0,6,7,84,0,0,3,40,13.33,1,0,0,0,0,0,0,0,1,0,0,13,13.4,13.4,13.4,0,45,0
Wayne Gallman,NYG,RB,24,10,2,0,0,0,0,0,19,62,3.26,0,15,10,86,8.60,0,2,1,0,0,0,13,22.8,23.8,17.8,0,79,0
Logan Paulsen,ATL,TE,31,11,9,0,0,0,0,0,0,0,0,0,8,8,72,9.00,1,0,0,1,0,0,13,21.2,21.2,17.2,0,59,0
Nathan Peterman,BUF,QB,24,4,2,44,81,296,1,7,10,50,5.00,1,0,0,0,0,0,0,0,1,0,0,13,12.8,19.8,19.8,0,46,0
Rex Burkhead,NWE,RB,28,3,2,0,0,0,0,0,24,86,3.58,0,6,3,31,10.33,0,1,0,0,0,0,12,14.7,14.7,13.2,0,81,0
Hayden Hurst,BAL,TE,25,6,0,0,0,0,0,0,1,0,0.00,0,10,4,57,14.25,1,0,0,1,0,0,12,15.7,15.7,13.7,0,61,0
Darius Jennings,TEN,WR,26,10,0,1,1,21,0,0,0,0,0,0,6,5,55,11.00,0,0,0,1,0,0,12,17.3,17.3,14.8,0,135,0
Elijah McGuire,NYJ,RB,24,2,0,0,0,0,0,0,12,53,4.42,0,11,6,64,10.67,0,0,0,0,0,0,12,17.7,17.7,14.7,0,80,0
Deonte Thompson,DAL,WR,29,8,4,0,0,0,0,0,0,0,0,0,20,14,124,8.86,0,0,0,0,0,0,12,26.4,29.4,19.4,0,134,0
A.J. Derby,MIA,TE,27,4,0,0,0,0,0,0,0,0,0,0,5,3,48,16.00,1,0,0,1,0,0,11,13.8,13.8,12.3,0,64,0
Seth Devalve,CLE,TE,25,7,1,0,0,0,0,0,0,0,0,0,5,3,54,18.00,1,0,0,1,0,0,11,14.4,14.4,12.9,0,63,0
Corey Grant,JAX,RB,27,5,1,0,0,0,0,0,13,40,3.08,0,12,9,67,7.44,0,0,0,0,0,0,11,19.7,19.7,15.2,0,83,0
Cody Latimer,NYG,WR,26,4,1,0,0,0,0,0,0,0,0,0,9,6,108,18.00,0,0,0,0,0,0,11,16.8,19.8,13.8,0,136,0
Jaylen Samuels,PIT,RB,22,9,0,0,0,0,0,0,10,26,2.60,0,4,3,22,7.33,1,0,0,1,0,0,11,13.8,13.8,12.3,0,82,0
Robert Tonyan,GNB,TE,24,10,0,0,0,0,0,0,0,0,0,0,2,1,54,54.00,1,0,0,1,0,0,11,12.4,12.4,11.9,0,62,0
Kenneth Dixon,BAL,RB,24,1,0,0,0,0,0,0,13,44,3.38,1,0,0,0,0,0,0,0,1,0,0,10,10.4,10.4,10.4,0,84,0
Jordan Leggett,NYJ,TE,23,9,2,0,0,0,0,0,0,0,0,0,10,6,35,5.83,1,0,0,1,0,0,10,15.5,15.5,12.5,0,66,0
Niles Paul,JAX,TE,29,6,1,0,0,0,0,0,1,-3,-3.00,0,13,10,98,9.80,0,0,0,0,0,0,10,19.5,19.5,14.5,0,65,0
De'Anthony Thomas,KAN,WR,25,5,0,0,0,0,0,0,1,6,6.00,0,5,3,29,9.67,1,1,0,1,0,0,10,12.5,12.5,11.0,0,137,0
Jake Butt,DEN,TE,23,3,3,0,0,0,0,0,0,0,0,0,13,8,85,10.63,0,0,0,0,0,0,9,16.5,16.5,12.5,0,69,0
Garrett Celek,SFO,TE,30,10,0,0,0,0,0,0,0,0,0,0,5,3,29,9.67,1,0,0,1,0,0,9,11.9,11.9,10.4,0,67,0
James Develin,NWE,RB,30,10,4,0,0,0,0,0,1,1,1.00,1,14,8,32,4.00,0,0,0,1,0,0,9,17.3,17.3,13.3,0,85,0
Devonta Freeman,ATL,RB,26,2,2,0,0,0,0,0,14,68,4.86,0,7,5,23,4.60,0,0,0,0,0,0,9,14.1,14.1,11.6,0,87,0
Cody Kessler,JAX,QB,25,1,0,21,30,156,1,1,2,8,4.00,0,0,0,0,0,0,1,0,0,0,0,9,9.0,10.0,10.0,0,48,0
Tommylee Lewis,NOR,WR,26,3,1,0,0,0,0,0,0,0,0,0,1,1,28,28.00,1,0,0,1,0,0,9,9.8,9.8,9.3,0,138,0
Zach Line,NOR,RB,28,11,4,0,0,0,0,0,3,12,4.00,0,8,4,13,3.25,1,0,0,1,0,0,9,12.5,12.5,10.5,0,89,0
Taquan Mizzell,CHI,RB,25,4,1,0,0,0,0,0,3,6,2.00,0,5,3,26,8.67,1,0,0,1,0,0,9,12.2,12.2,10.7,0,86,0
Andre Roberts,NYJ,WR,30,10,1,0,0,0,0,0,1,2,2.00,0,8,3,25,8.33,0,2,0,1,0,0,9,11.7,11.7,10.2,0,139,0
Rod Smith,DAL,RB,26,11,0,0,0,0,0,0,20,56,2.80,0,7,5,30,6.00,0,0,0,0,0,0,9,13.6,13.6,11.1,0,88,0
Ian Thomas,CAR,TE,22,10,3,0,0,0,0,0,0,0,0,0,17,11,87,7.91,0,0,0,0,0,0,9,19.7,19.7,14.2,0,68,0
Anthony Firkser,TEN,TE,23,6,0,0,0,0,0,0,0,0,0,0,6,6,80,13.33,0,0,0,0,0,0,8,14.0,14.0,11.0,0,70,0
T.J. Jones,DET,WR,26,10,2,0,0,0,0,0,0,0,0,0,12,8,78,9.75,0,0,0,0,0,0,8,15.8,15.8,11.8,0,141,0
Breshad Perriman,CLE,WR,25,4,0,0,0,0,0,0,2,9,4.50,0,10,5,75,15.00,0,0,0,0,0,0,8,13.4,13.4,10.9,0,140,0
Logan Thomas,BUF,TE,27,8,2,1,1,15,0,0,0,0,0,0,13,11,72,6.55,0,0,0,0,0,0,8,18.8,18.8,13.3,0,72,0
Luke Willson,DET,TE,28,10,6,0,0,0,0,0,0,0,0,0,17,12,79,6.58,0,0,0,0,0,0,8,19.9,19.9,13.9,0,71,0
Derek Anderson,BUF,QB,35,2,2,42,70,465,0,4,1,-1,-1.00,0,0,0,0,0,0,3,2,0,0,0,7,6.5,15.5,10.5,0,49,0
Kenjon Barner,NWE,RB,28,5,0,0,0,0,0,0,19,71,3.74,0,0,0,0,0,0,0,0,0,0,0,7,7.1,7.1,7.1,0,90,0
Deontay Burnett,NYJ,WR,21,3,1,0,0,0,0,0,0,0,0,0,8,5,70,14.00,0,0,0,0,0,0,7,12.0,12.0,9.5,0,143,0
Bennie Fowler,NYG,WR,27,4,2,0,0,0,0,0,0,0,0,0,10,6,69,11.50,0,0,0,0,0,0,7,12.9,12.9,9.9,0,145,0
C.J. Ham,MIN,RB,25,10,1,0,0,0,0,0,4,7,1.75,0,12,8,61,7.63,0,0,0,0,0,0,7,14.8,14.8,10.8,0,92,0
Justin Hardy,ATL,WR,27,11,0,0,0,0,0,0,0,0,0,0,13,8,74,9.25,0,1,0,0,0,0,7,15.4,15.4,11.4,0,142,0
Richie James,SFO,WR,23,7,1,0,0,0,0,0,0,0,0,0,4,3,67,22.33,0,0,0,0,0,0,7,9.7,9.7,8.2,0,146,0
Andy Janovich,DEN,RB,25,10,4,0,0,0,0,0,1,2,2.00,0,5,4,64,16.00,0,0,0,0,0,0,7,10.6,10.6,8.6,0,93,0
Blake Jarwin,DAL,TE,24,11,2,0,0,0,0,0,0,0,0,0,10,6,67,11.17,0,0,0,0,0,0,7,12.7,12.7,9.7,0,74,0
Matt Lengel,CIN,TE,28,5,1,0,0,0,0,0,0,0,0,0,3,2,8,4.00,1,0,0,1,0,0,7,8.8,8.8,7.8,0,73,0
Joshua Perkins,PHI,TE,25,9,1,0,0,0,0,0,0,0,0,0,11,5,67,13.40,0,0,0,0,0,0,7,11.7,11.7,9.2,0,75,0
Mark Walton,CIN,RB,21,8,0,0,0,0,0,0,13,24,1.85,0,8,5,41,8.20,0,0,0,0,0,0,7,11.5,11.5,9.0,0,94,0
DeAndre Washington,OAK,RB,25,4,0,0,0,0,0,0,18,70,3.89,0,0,0,0,0,0,0,0,0,0,0,7,7.0,7.0,7.0,0,91,0
Kevin White,CHI,WR,26,8,0,0,0,0,0,0,0,0,0,0,5,3,70,23.33,0,0,0,0,0,0,7,10.0,10.0,8.5,0,144,0
Cameron Batson,TEN,WR,23,5,1,0,0,0,0,0,1,1,1.00,0,8,6,62,10.33,0,0,0,0,0,0,6,12.3,12.3,9.3,0,147,0
Jermaine Gresham,ARI,TE,30,8,6,0,0,0,0,0,0,0,0,0,9,7,76,10.86,0,1,1,0,0,0,6,12.6,13.6,9.1,0,79,0
David Grinnage,JAX,TE,24,4,2,0,0,0,0,0,0,0,0,0,8,6,61,10.17,0,0,0,0,0,0,6,12.1,12.1,9.1,0,77,0
Russell Shepard,NYG,WR,28,8,0,0,0,0,0,0,0,0,0,0,8,4,61,15.25,0,0,0,0,0,0,6,10.1,10.1,8.1,0,148,0
Levine Toilolo,DET,TE,27,11,6,0,0,0,0,0,0,0,0,0,6,6,60,10.00,0,0,0,0,0,0,6,12.0,12.0,9.0,0,78,0
Eric Tomlinson,NYJ,TE,26,10,8,0,0,0,0,0,0,0,0,0,13,7,61,8.71,0,0,0,0,0,0,6,13.1,13.1,9.6,0,76,0
Derrick Willies,CLE,WR,24,5,0,0,0,0,0,0,0,0,0,0,5,3,61,20.33,0,1,0,0,0,0,6,9.1,9.1,7.6,0,149,0
Kamar Aiken,PHI,WR,29,5,1,0,0,0,0,0,0,0,0,0,7,6,53,8.83,0,0,0,0,0,0,5,11.3,11.3,8.3,0,150,0
Marcell Ateman,OAK,WR,24,1,1,0,0,0,0,0,0,0,0,0,5,4,50,12.50,0,0,0,0,0,0,5,9.0,9.0,7.0,0,153,0
Mike Boone,MIN,RB,23,7,0,0,0,0,0,0,11,47,4.27,0,3,2,1,0.50,0,0,0,0,0,0,5,6.8,6.8,5.8,0,97,0
Cody Core,CIN,WR,24,8,0,0,0,0,0,0,0,0,0,0,10,5,47,9.40,0,0,0,0,0,0,5,9.7,9.7,7.2,0,156,0
Alex Erickson,CIN,WR,26,10,2,0,0,0,0,0,1,8,8.00,0,15,8,44,5.50,0,0,0,0,0,0,5,13.2,13.2,9.2,0,152,0
Michael Floyd,WAS,WR,29,8,1,0,0,0,0,0,0,0,0,0,11,4,53,13.25,0,0,0,0,0,0,5,9.3,9.3,7.3,0,151,0
Rico Gathers,DAL,TE,24,10,3,0,0,0,0,0,0,0,0,0,5,2,46,23.00,0,0,0,0,0,0,5,6.6,6.6,5.6,0,84,0
Shelton Gibson,PHI,WR,23,10,0,0,0,0,0,0,0,0,0,0,3,1,48,48.00,0,0,0,0,0,0,5,5.8,5.8,5.3,0,154,0
Xavier Grimble,PIT,TE,26,10,2,0,0,0,0,0,0,0,0,0,5,4,47,11.75,0,0,0,0,0,0,5,8.7,8.7,6.7,0,82,0
DaeSean Hamilton,DEN,WR,23,8,0,0,0,0,0,0,0,0,0,0,5,4,48,12.00,0,0,0,0,0,0,5,8.8,8.8,6.8,0,155,0
Jacob Hollister,NWE,TE,25,4,1,0,0,0,0,0,0,0,0,0,5,4,52,13.00,0,0,0,0,0,0,5,9.2,9.2,7.2,0,80,0
Isaiah McKenzie,2TM,WR,23,2,0,0,0,0,0,0,3,32,10.67,0,1,1,14,14.00,0,0,0,0,0,0,5,5.6,5.6,5.1,0,157,0
Stevan Ridley,PIT,RB,29,7,0,0,0,0,0,0,18,56,3.11,0,4,3,18,6.00,0,1,1,0,0,0,5,8.4,9.4,6.9,0,95,0
Neal Sterling,NYJ,TE,26,5,4,0,0,0,0,0,0,0,0,0,8,6,47,7.83,0,0,0,0,0,0,5,10.7,10.7,7.7,0,83,0
Roc Thomas,MIN,RB,23,5,0,0,0,0,0,0,8,30,3.75,0,4,2,21,10.50,0,0,0,0,0,0,5,7.1,7.1,6.1,0,96,0
Delanie Walker,TEN,TE,34,1,1,0,0,0,0,0,0,0,0,0,7,4,52,13.00,0,0,0,0,0,0,5,9.2,9.2,7.2,0,81,0
Dwayne Washington,NOR,RB,24,8,0,0,0,0,0,0,16,46,2.88,0,0,0,0,0,0,0,0,0,0,0,5,4.6,4.6,4.6,0,98,0
Chad Beebe,MIN,WR,24,2,0,0,0,0,0,0,0,0,0,0,4,4,39,9.75,0,0,0,0,0,0,4,7.9,7.9,5.9,0,159,0
Blake Bell,JAX,TE,27,4,1,0,0,0,0,0,0,0,0,0,5,3,40,13.33,0,0,0,0,0,0,4,7.0,7.0,5.5,0,85,0
Derek Carrier,OAK,TE,28,10,2,0,0,0,0,0,0,0,0,0,11,5,38,7.60,0,0,0,0,0,0,4,8.8,8.8,6.3,0,86,0
Tyler Ervin,HOU,RB,25,9,0,0,0,0,0,0,0,0,0,0,4,3,35,11.67,0,1,0,0,0,0,4,6.5,6.5,5.0,0,100,0
Jordan Franks,CIN,TE,22,3,0,0,0,0,0,0,0,0,0,0,2,2,37,18.50,0,0,0,0,0,0,4,5.7,5.7,4.7,0,87,0
Dwayne Harris,OAK,WR,31,9,0,0,0,0,0,0,2,12,6.00,0,5,5,31,6.20,0,1,0,0,0,0,4,9.3,9.3,6.8,0,158,0
Tyler Kroft,CIN,TE,26,5,2,0,0,0,0,0,0,0,0,0,6,4,36,9.00,0,0,0,0,0,0,4,7.6,7.6,5.6,0,88,0
Marcedes Lewis,GNB,TE,34,10,2,0,0,0,0,0,0,0,0,0,3,2,35,17.50,0,0,0,0,0,0,4,5.5,5.5,4.5,0,90,0
David Morgan,MIN,TE,25,8,4,0,0,0,0,0,0,0,0,0,6,5,36,7.20,0,0,0,0,0,0,4,8.6,8.6,6.1,0,89,0
Roosevelt Nix,PIT,RB,26,10,0,0,0,0,0,0,0,0,0,0,4,3,36,12.00,0,0,0,0,0,0,4,6.6,6.6,5.1,0,99,0
Dwayne Allen,NWE,TE,28,10,6,0,0,0,0,0,0,0,0,0,4,3,27,9.00,0,0,0,0,0,0,3,5.7,5.7,4.2,0,96,0
Antony Auclair,TAM,TE,25,10,4,0,0,0,0,0,0,0,0,0,5,5,28,5.60,0,0,0,0,0,0,3,7.8,7.8,5.3,0,95,0
Kalen Ballage,MIA,RB,23,6,0,0,0,0,0,0,4,8,2.00,0,3,3,23,7.67,0,0,0,0,0,0,3,6.1,6.1,4.6,0,105,0
Travis Benjamin,LAC,WR,29,6,1,0,0,0,0,0,3,15,5.00,0,11,3,16,5.33,0,0,0,0,0,0,3,6.1,6.1,4.6,0,161,0
Leonte Carroo,MIA,WR,24,3,0,0,0,0,0,0,1,14,14.00,0,1,1,20,20.00,0,0,0,0,0,0,3,4.4,4.4,3.9,0,160,0
Jawill Davis,NYG,WR,23,3,0,0,0,0,0,0,0,0,0,0,6,2,27,13.50,0,0,0,0,0,0,3,4.7,4.7,3.7,0,163,0
Mike Gillislee,NOR,RB,28,4,0,0,0,0,0,0,16,43,2.69,0,1,1,9,9.00,0,1,1,0,0,0,3,4.2,5.2,3.7,0,103,0
Jeremy Hill,NWE,RB,26,1,0,0,0,0,0,0,4,25,6.25,0,1,1,6,6.00,0,0,0,0,0,0,3,4.1,4.1,3.6,0,104,0
Justin Jackson,LAC,RB,23,7,0,0,0,0,0,0,5,7,1.40,0,2,2,19,9.50,0,0,0,0,0,0,3,4.6,4.6,3.6,0,107,0
JJ Nelson,ARI,WR,26,10,1,0,0,0,0,0,3,5,1.67,0,12,4,21,5.25,0,0,0,0,0,0,3,6.6,6.6,4.6,0,164,0
Charone Peake,NYJ,WR,26,7,0,0,0,0,0,0,0,0,0,0,3,2,25,12.50,0,0,0,0,0,0,3,4.5,4.5,3.5,0,165,0
Samaje Perine,WAS,RB,23,4,0,0,0,0,0,0,5,25,5.00,0,4,3,5,1.67,0,0,0,0,0,0,3,6.0,6.0,4.5,0,106,0
Eric Saubert,ATL,TE,24,11,0,0,0,0,0,0,0,0,0,0,6,3,33,11.00,0,0,0,0,0,0,3,6.3,6.3,4.8,0,91,0
Dalton Schultz,DAL,TE,22,6,2,0,0,0,0,0,0,0,0,0,6,4,32,8.00,0,0,0,0,0,0,3,7.2,7.2,5.2,0,92,0
Scott Simonson,NYG,TE,26,10,1,0,0,0,0,0,0,0,0,0,6,2,31,15.50,0,0,0,0,0,0,3,5.1,5.1,4.1,0,93,0
Lee Smith,OAK,TE,31,10,4,0,0,0,0,0,0,0,0,0,6,5,29,5.80,0,0,0,0,0,0,3,7.9,7.9,5.4,0,94,0
Vyncint Smith,HOU,WR,22,4,1,0,0,0,0,0,0,0,0,0,4,1,28,28.00,0,0,0,0,0,0,3,3.8,3.8,3.3,0,162,0
Darren Sproles,PHI,RB,35,1,1,0,0,0,0,0,5,10,2.00,0,7,4,22,5.50,0,0,0,0,0,0,3,7.2,7.2,5.2,0,102,0
Shaun Wilson,TAM,RB,23,5,0,0,0,0,0,0,6,29,4.83,0,5,3,5,1.67,0,0,0,0,0,0,3,6.4,6.4,4.9,0,101,0
Zach Zenner,DET,RB,27,3,0,0,0,0,0,0,3,21,7.00,0,1,1,4,4.00,0,0,0,0,0,0,3,3.5,3.5,3.0,0,108,0
Tommy Bohanon,JAX,RB,28,10,5,0,0,0,0,0,0,0,0,0,5,3,15,5.00,0,0,0,0,0,0,2,4.5,4.5,3.0,0,120,0
Ben Braunecker,CHI,TE,24,10,1,0,0,0,0,0,0,0,0,0,3,2,24,12.00,0,0,0,0,0,0,2,4.4,4.4,3.4,0,97,0
Noah Brown,DAL,WR,22,3,0,0,0,0,0,0,0,0,0,0,2,1,22,22.00,0,0,0,0,0,0,2,3.2,3.2,2.7,0,167,0
DeAndre Carter,2TM,WR,25,8,1,0,0,0,0,0,0,0,0,0,2,2,21,10.50,0,1,0,0,0,0,2,4.1,4.1,3.1,0,168,0
Corey Coleman,NYG,WR,24,2,0,0,0,0,0,0,0,0,0,0,2,2,20,10.00,0,0,0,0,0,0,2,4.0,4.0,3.0,0,170,0
Derrick Coleman,ARI,RB,28,10,3,0,0,0,0,0,2,3,1.50,0,2,2,17,8.50,0,0,0,0,0,0,2,4.0,4.0,3.0,0,112,0
Benny Cunningham,CHI,RB,28,11,0,0,0,0,0,0,4,8,2.00,0,2,1,9,9.00,0,0,0,0,0,0,2,2.7,2.7,2.2,0,116,0
Patrick DiMarco,BUF,RB,29,10,3,0,0,0,0,0,0,0,0,0,2,2,24,12.00,0,0,0,0,0,0,2,4.4,4.4,3.4,0,109,0
David Fluellen,TEN,RB,26,7,0,0,0,0,0,0,4,16,4.00,0,0,0,0,0,0,0,0,0,0,0,2,1.6,1.6,1.6,0,118,0
KhaDarel Hodge,LAR,WR,23,9,0,0,0,0,0,0,0,0,0,0,2,2,17,8.50,0,0,0,0,0,0,2,3.7,3.7,2.7,0,173,0
Justin Hunter,PIT,WR,27,4,0,0,0,0,0,0,0,0,0,0,10,3,21,7.00,0,0,0,0,0,0,2,5.1,5.1,3.6,0,169,0
Josh McCown,NYJ,QB,39,1,1,17,34,135,0,2,1,4,4.00,0,0,0,0,0,0,0,0,0,0,0,2,1.8,3.8,3.8,0,50,0
Elijhaa Penny,NYG,RB,25,8,2,0,0,0,0,0,1,2,2.00,0,4,4,16,4.00,0,0,0,0,0,0,2,5.8,5.8,3.8,0,115,0
C.J. Prosise,SEA,RB,24,5,0,0,0,0,0,0,1,-3,-3.00,0,3,3,22,7.33,0,0,0,0,0,0,2,4.9,4.9,3.4,0,114,0
MyCole Pruitt,TEN,TE,26,9,0,0,0,0,0,0,0,0,0,0,1,1,19,19.00,0,0,0,0,0,0,2,2.9,2.9,2.4,0,100,0
Brian Quick,WAS,WR,29,6,3,0,0,0,0,0,0,0,0,0,3,3,18,6.00,0,0,0,0,0,0,2,4.8,4.8,3.3,0,171,0
Adam Shaheen,CHI,0,24,1,1,0,0,0,0,0,0,0,0,0,0,0,0,0,0,0,0,0,1,0,2,2.0,2.0,2.0,0,99,0
Keith Smith,OAK,RB,26,10,3,0,0,0,0,0,1,0,0.00,0,5,4,22,5.50,0,0,0,0,0,0,2,6.2,6.2,4.2,0,110,0
Jonathan Stewart,NYG,RB,31,3,0,0,0,0,0,0,6,17,2.83,0,0,0,0,0,0,0,0,0,0,0,2,1.7,1.7,1.7,0,117,0
Tyrone Swoopes,SEA,TE,24,1,1,0,0,0,0,0,0,0,0,0,1,1,23,23.00,0,0,0,0,0,0,2,3.3,3.3,2.8,0,98,0
De'Lance Turner,BAL,RB,23,4,0,0,0,0,0,0,1,4,4.00,0,2,2,17,8.50,0,0,0,0,0,0,2,4.1,4.1,3.1,0,111,0
Brandon Wilds,JAX,RB,25,3,0,0,0,0,0,0,6,15,2.50,0,0,0,0,0,0,0,0,0,0,0,2,1.5,1.5,1.5,0,119,0
Damien Williams,KAN,RB,26,11,0,0,0,0,0,0,3,1,0.33,0,3,3,18,6.00,0,0,0,0,0,0,2,4.9,4.9,3.4,0,113,0
Nick Williams,2TM,WR,28,4,0,0,0,0,0,0,0,0,0,0,5,2,17,8.50,0,0,0,0,0,0,2,3.7,3.7,2.7,0,174,0
Terrance Williams,DAL,WR,29,3,2,0,0,0,0,0,0,0,0,0,3,2,18,9.00,0,0,0,0,0,0,2,3.8,3.8,2.8,0,172,0
Brandon Zylstra,MIN,WR,25,10,0,0,0,0,0,0,0,0,0,0,1,1,23,23.00,0,0,0,0,0,0,2,3.3,3.3,2.8,0,166,0
Ameer Abdullah,2TM,RB,25,4,0,0,0,0,0,0,1,1,1.00,0,3,3,28,9.33,0,1,1,0,0,0,1,3.9,4.9,2.4,0,127,0
Nick Bellore,DET,RB,29,11,3,0,0,0,0,0,1,0,0.00,0,3,3,7,2.33,0,0,0,0,0,0,1,3.7,3.7,2.2,0,129,0
Victor Bolden,SFO,WR,23,4,0,0,0,0,0,0,0,0,0,0,4,1,10,10.00,0,0,0,0,0,0,1,2.0,2.0,1.5,0,179,0
Michael Burton,CHI,RB,26,5,1,0,0,0,0,0,0,0,0,0,1,1,6,6.00,0,0,0,0,0,0,1,1.6,1.6,1.1,0,131,0
Damiere Byrd,CAR,WR,25,7,0,0,0,0,0,0,0,0,0,0,2,1,8,8.00,0,0,0,0,0,0,1,1.8,1.8,1.3,0,185,0
Jamaal Charles,JAX,RB,32,2,0,0,0,0,0,0,6,7,1.17,0,3,2,7,3.50,0,0,0,0,0,0,1,3.4,3.4,2.4,0,121,0
Orson Charles,CLE,TE,27,10,2,0,0,0,0,0,0,0,0,0,4,2,14,7.00,0,0,0,0,0,0,1,3.4,3.4,2.4,0,101,0
Sammie Coates,HOU,WR,25,8,0,0,0,0,0,0,0,0,0,0,2,1,12,12.00,0,0,0,0,0,0,1,2.2,2.2,1.7,0,176,0
Tyler Conklin,MIN,TE,23,10,1,0,0,0,0,0,0,0,0,0,2,2,13,6.50,0,0,0,0,0,0,1,3.3,3.3,2.3,0,102,0
Alan Cross,TAM,TE,25,10,2,0,0,0,0,0,0,0,0,0,4,1,6,6.00,0,0,0,0,0,0,1,1.6,1.6,1.1,0,106,0
Ross Dwelley,SFO,TE,23,5,0,0,0,0,0,0,0,0,0,0,1,1,8,8.00,0,0,0,0,0,0,1,1.8,1.8,1.3,0,105,0
Russell Gage,ATL,WR,22,10,0,0,0,0,0,0,0,0,0,0,1,1,9,9.00,0,0,0,0,0,0,1,1.9,1.9,1.4,0,183,0
Rashad Greene,JAX,WR,26,3,0,0,0,0,0,0,0,0,0,0,4,3,28,9.33,0,1,1,0,0,0,1,3.8,4.8,2.3,0,186,0
Justin Hardee,NOR,WR,24,11,0,0,0,0,0,0,0,0,0,0,1,1,10,10.00,0,0,0,0,0,0,1,2.0,2.0,1.5,0,181,0
Darrius Heyward-Bey,PIT,WR,31,8,1,0,0,0,0,0,0,0,0,0,1,1,9,9.00,0,0,0,0,0,0,1,1.9,1.9,1.4,0,182,0
Dontrell Hilliard,CLE,RB,23,5,0,0,1,0,0,1,0,0,0,0,3,2,30,15.00,0,0,0,0,0,0,1,3.0,4.0,3.0,0,124,0
Robert Kelley,WAS,RB,26,2,0,0,0,0,0,0,4,8,2.00,0,0,0,0,0,0,0,0,0,0,0,1,0.8,0.8,0.8,0,128,0
Marcus Kemp,KAN,WR,23,11,0,0,0,0,0,0,0,0,0,0,2,1,7,7.00,0,0,0,0,0,0,1,1.7,1.7,1.2,0,189,0
Jeremy Kerley,BUF,WR,30,1,1,0,0,0,0,0,0,0,0,0,4,2,7,3.50,0,0,0,0,0,0,1,2.7,2.7,1.7,0,188,0
Khari Lee,BUF,TE,26,2,0,0,0,0,0,0,0,0,0,0,1,1,5,5.00,0,0,0,0,0,0,1,1.5,1.5,1.0,0,107,0
T.J. Logan,ARI,RB,24,4,0,0,0,0,0,0,0,0,0,0,2,2,14,7.00,0,0,0,0,0,0,1,3.4,3.4,2.4,0,122,0
Tre Madden,SEA,RB,25,10,2,0,0,0,0,0,3,3,1.00,0,2,1,7,7.00,0,0,0,0,0,0,1,2.0,2.0,1.5,0,125,0
Josh Malone,CIN,WR,22,7,0,0,0,0,0,0,0,0,0,0,4,1,12,12.00,0,0,0,0,0,0,1,2.2,2.2,1.7,0,177,0
Byron Marshall,WAS,RB,24,2,0,0,0,0,0,0,2,5,2.50,0,0,0,0,0,0,0,0,0,0,0,1,0.5,0.5,0.5,0,132,0
Rishard Matthews,2TM,WR,29,6,0,0,0,0,0,0,0,0,0,0,7,3,11,3.67,0,0,0,0,0,0,1,4.1,4.1,2.6,0,178,0
Ray-Ray McCloud,BUF,WR,22,7,1,0,0,0,0,0,1,-3,-3.00,0,5,4,31,7.75,0,2,1,0,0,0,1,4.8,5.8,2.8,0,187,0
Christine Michael,IND,RB,28,1,0,0,0,0,0,0,2,9,4.50,0,0,0,0,0,0,0,0,0,0,0,1,0.9,0.9,0.9,0,126,0
J'Mon Moore,GNB,WR,23,6,0,0,0,0,0,0,0,0,0,0,1,1,10,10.00,0,0,0,0,0,0,1,2.0,2.0,1.5,0,180,0
Jamize Olawale,DAL,RB,29,11,4,0,0,0,0,0,0,0,0,0,2,2,13,6.50,0,0,0,0,0,0,1,3.3,3.3,2.3,0,123,0
Ricky Ortiz,ATL,RB,24,9,8,0,0,0,0,0,0,0,0,0,3,2,7,3.50,0,0,0,0,0,0,1,2.7,2.7,1.7,0,130,0
Cam Phillips,BUF,WR,23,2,0,0,0,0,0,0,0,0,0,0,1,1,9,9.00,0,0,0,0,0,0,1,1.9,1.9,1.4,0,184,0
Brandon Powell,DET,WR,22,3,0,0,0,0,0,0,0,0,0,0,3,1,6,6.00,0,0,0,0,0,0,1,1.6,1.6,1.1,0,191,0
Trent Sherfield,ARI,WR,22,7,0,0,0,0,0,0,0,0,0,0,2,1,6,6.00,0,0,0,0,0,0,1,1.6,1.6,1.1,0,190,0
Dion Sims,CHI,TE,27,8,4,0,0,0,0,0,0,0,0,0,4,2,9,4.50,0,0,0,0,0,0,1,2.9,2.9,1.9,0,104,0
Auden Tate,CIN,WR,21,2,0,0,0,0,0,0,0,0,0,0,2,1,5,5.00,0,0,0,0,0,0,1,1.5,1.5,1.0,0,193,0
Hakeem Valles,DET,TE,26,3,0,0,0,0,0,0,0,0,0,0,3,2,11,5.50,0,0,0,0,0,0,1,3.1,3.1,2.1,0,103,0
Justin Watson,TAM,WR,23,7,0,0,0,0,0,0,0,0,0,0,1,1,5,5.00,0,0,0,0,0,0,1,1.5,1.5,1.0,0,192,0
Tim White,BAL,WR,24,3,0,0,0,0,0,0,0,0,0,0,1,1,14,14.00,0,1,0,0,0,0,1,2.4,2.4,1.9,0,175,0
Cameron Artis-Payne,CAR,RB,28,3,0,0,0,0,0,0,1,1,1.00,0,0,0,0,0,0,0,0,0,0,0,0,0.1,0.1,0.1,0,136,0
Brandon Bolden,MIA,0,28,10,0,0,0,0,0,0,0,0,0,0,0,0,0,0,0,0,0,0,0,0,0,0,0,0,0,138,0
Daniel Brown,CHI,0,26,10,0,0,0,0,0,0,0,0,0,0,0,0,0,0,0,0,0,0,0,0,0,0,0,0,0,199,0
Brice Butler,DAL,0,28,1,0,0,0,0,0,0,0,0,0,0,1,0,0,0,0,0,0,0,0,0,0,0,0,0,0,209,0
Jehu Chesson,WAS,0,25,7,0,0,0,0,0,0,0,0,0,0,1,0,0,0,0,0,0,0,0,0,0,0,0,0,0,208,0
Stacy Coley,2TM,0,24,3,0,0,0,0,0,0,0,0,0,0,1,0,0,0,0,1,0,0,0,0,0,0,0,0,0,201,0
Pharoh Cooper,LAR,0,23,2,0,0,0,0,0,0,0,0,0,0,0,0,0,0,0,0,0,0,0,0,0,0,0,0,0,198,0
Sean Culkin,LAC,0,25,10,7,0,0,0,0,0,0,0,0,0,0,0,0,0,0,0,0,0,0,0,0,0,0,0,0,117,0
Darrell Daniels,SEA,0,24,9,2,0,0,0,0,0,0,0,0,0,1,0,0,0,0,0,0,0,0,0,0,0,0,0,0,114,0
Geremy Davis,LAC,0,26,8,0,0,0,0,0,0,0,0,0,0,0,0,0,0,0,0,0,0,0,0,0,0,0,0,0,202,0
Justin Davis,LAR,0,23,8,0,0,0,0,0,0,0,0,0,0,0,0,0,0,0,0,0,0,0,0,0,0,0,0,0,139,0
Matthew Dayes,SFO,0,24,1,0,0,0,0,0,0,0,0,0,0,0,0,0,0,0,0,0,0,0,0,0,0,0,0,0,140,0
Joshua Dobbs,PIT,QB,23,4,0,2,3,19,0,0,2,-4,-2.00,0,0,0,0,0,0,0,0,0,0,0,0,0.4,0.4,0.4,0,51,0
Robert Griffin,BAL,0,28,1,0,0,0,0,0,0,0,0,0,0,0,0,0,0,0,0,0,0,0,0,0,0,0,0,0,57,0
Clark Harris,CIN,0,34,10,0,0,0,0,0,0,0,0,0,0,0,0,0,0,0,0,0,0,0,0,0,0,0,0,0,110,0
Taylor Heinicke,CAR,QB,25,3,0,1,2,13,0,0,2,-2,-1.00,0,0,0,0,0,0,0,0,0,0,0,0,0.3,0.3,0.3,0,52,0
Brian Hoyer,NWE,QB,33,3,0,1,1,7,0,0,6,-3,-0.50,0,0,0,0,0,0,0,0,0,0,0,0,0,0,0,0,58,0
Darius Jackson,GNB,0,25,2,0,0,0,0,0,0,0,0,0,0,0,0,0,0,0,0,0,0,0,0,0,0,0,0,0,144,0
Andy Jones,DET,WR,24,3,0,0,0,0,0,0,0,0,0,0,3,1,4,4.00,0,0,0,0,0,0,0,1.4,1.4,0.9,0,194,0
Chad Kelly,DEN,QB,24,1,0,0,0,0,0,0,1,-1,-1.00,0,0,0,0,0,0,0,0,0,0,0,0,-0.1,-0.1,-0.1,0,59,0
Ben Koyack,JAX,0,25,1,0,0,0,0,0,0,0,0,0,0,0,0,0,0,0,0,0,0,0,0,0,0,0,0,0,115,0
Chris Manhertz,CAR,TE,26,10,2,0,0,0,0,0,0,0,0,0,2,1,2,2.00,0,0,0,0,0,0,0,1.2,1.2,0.7,0,108,0
Sean Mannion,LAR,QB,26,1,0,0,0,0,0,0,3,1,0.33,0,0,0,0,0,0,0,0,0,0,0,0,0.1,0.1,0.1,0,55,0
Bradley Marquez,DET,0,26,1,0,0,0,0,0,0,0,0,0,0,0,0,0,0,0,0,0,0,0,0,0,0,0,0,0,197,0
Freddie Martino,TAM,0,27,4,0,0,0,0,0,0,0,0,0,0,1,0,0,0,0,0,0,0,0,0,0,0,0,0,0,205,0
A.J. McCarron,OAK,QB,28,1,0,1,3,8,0,0,1,0,0.00,0,0,0,0,0,0,1,0,0,0,0,0,0.3,0.3,0.3,0,53,0
Tanner McEvoy,MIA,0,25,2,0,0,0,0,0,0,0,0,0,0,0,0,0,0,0,0,0,0,0,0,0,0,0,0,0,196,0
Jeremy McNichols,IND,RB,23,1,0,0,0,0,0,0,2,4,2.00,0,0,0,0,0,0,0,0,0,0,0,0,0.4,0.4,0.4,0,133,0
Detrez Newsome,LAC,RB,24,4,0,0,0,0,0,0,1,0,0.00,0,0,0,0,0,0,0,0,0,0,0,0,0,0,0,0,141,0
Brian Parker,DEN,0,26,7,0,0,0,0,0,0,0,0,0,0,2,0,0,0,0,0,0,0,0,0,0,0,0,0,0,113,0
Senorise Perry,MIA,0,27,10,0,0,0,0,0,0,0,0,0,0,0,0,0,0,0,0,0,0,0,0,0,0,0,0,0,142,0
John Phillips,ARI,0,31,2,0,0,0,0,0,0,0,0,0,0,0,0,0,0,0,0,0,0,0,0,0,0,0,0,0,112,0
Thomas Rawls,CIN,0,25,1,0,0,0,0,0,0,0,0,0,0,0,0,0,0,0,0,0,0,0,0,0,0,0,0,0,143,0
Richard Rodgers,PHI,0,26,1,0,0,0,0,0,0,0,0,0,0,0,0,0,0,0,0,0,0,0,0,0,0,0,0,0,116,0
Matt Schaub,ATL,QB,37,2,0,5,7,20,0,0,1,0,0.00,0,1,1,-7,-7.00,0,1,0,0,0,0,0,1.1,1.1,0.6,0,54,0
Matt Slater,NWE,0,33,10,0,0,0,0,0,0,0,0,0,0,0,0,0,0,0,0,0,0,0,0,0,0,0,0,0,207,0
Geno Smith,LAC,QB,28,2,0,1,1,8,0,0,3,-3,-1.00,0,0,0,0,0,0,0,0,0,0,0,0,0,0,0,0,56,0
Nate Solder,NYG,0,30,10,10,0,0,0,0,0,0,0,0,0,0,0,0,0,0,0,0,0,0,0,0,0,0,0,0,111,0
Jeremy Sprinkle,WAS,0,24,11,5,0,0,0,0,0,0,0,0,0,2,0,0,0,0,0,0,0,0,0,0,0,0,0,0,109,0
Brandon Tate,NOR,0,31,1,0,0,0,0,0,0,0,0,0,0,0,0,0,0,0,1,0,0,0,0,0,0,0,0,0,195,0
Mike Thomas,LAR,0,24,1,0,0,0,0,0,0,0,0,0,0,0,0,0,0,0,0,0,0,0,0,0,0,0,0,0,200,0
Mike Wallace,PHI,0,32,2,2,0,0,0,0,0,0,0,0,0,3,0,0,0,0,0,0,0,0,0,0,0,0,0,0,203,0
Derek Watt,LAC,RB,26,10,2,0,0,0,0,0,3,3,1.00,0,0,0,0,0,0,0,0,0,0,0,0,0.3,0.3,0.3,0,134,0
Joe Webb,HOU,0,32,10,0,0,0,0,0,0,0,0,0,0,0,0,0,0,0,0,0,0,0,0,0,0,0,0,0,204,0
Brandon Weeden,HOU,QB,35,1,0,0,0,0,0,0,1,-1,-1.00,0,0,0,0,0,0,0,0,0,0,0,0,-0.1,-0.1,-0.1,0,60,0
Markus Wheaton,PHI,0,27,1,0,0,0,0,0,0,0,0,0,0,0,0,0,0,0,0,0,0,0,0,0,0,0,0,0,206,0
Cole Wick,SFO,0,25,5,0,0,0,0,0,0,0,0,0,0,1,0,0,0,0,0,0,0,0,0,0,0,0,0,0,118,0
David Williams,JAX,RB,24,2,0,0,0,0,0,0,1,2,2.00,0,0,0,0,0,0,0,0,0,0,0,0,0.2,0.2,0.2,0,135,0
Jonathan Williams,NOR,RB,24,3,0,0,0,0,0,0,3,0,0.00,0,1,1,1,1.00,0,0,0,0,0,0,0,1.1,1.1,0.6,0,137,0
Teddy Bridgewater,NOR,QB,26,4,0,0,1,0,0,0,7,-7,-1.00,0,0,0,0,0,0,0,0,0,0,0,-1,-0.7,-0.7,-0.7,0,61,0
Jacoby Brissett,IND,QB,25,3,0,1,3,-2,0,0,7,-7,-1.00,0,0,0,0,0,0,0,0,0,0,0,-1,-0.8,-0.8,-0.8,0,62,0
Rod Streater,CLE,WR,30,3,0,0,0,0,0,0,1,-11,-11.00,0,0,0,0,0,0,0,0,0,0,0,-1,-1.1,-1.1,-1.1,0,210,0
Robert Turbin,IND,RB,29,2,0,0,0,0,0,0,4,10,2.50,0,2,1,3,3.00,0,1,1,0,0,0,-1,0.3,1.3,-0.2,0,145,0
Matt Cassel,DET,QB,36,1,0,2,6,14,0,1,1,-1,-1.00,0,0,0,0,0,0,0,0,0,0,0,-2,-1.5,-0.5,-0.5,0,63,0
Kaelin Clay,NYG,0,26,2,0,0,0,0,0,0,0,0,0,0,0,0,0,0,0,1,1,0,0,0,-2,-2.0,-1.0,-2.0,0,211,0
JJ Jones,LAC,WR,26,3,0,0,0,0,0,0,1,0,0.00,0,0,0,0,0,0,2,1,0,0,0,-2,-2.0,-1.0,-2.0,0,212,0
DeShone Kizer,GNB,QB,22,1,0,4,7,55,0,1,0,0,0,0,0,0,0,0,0,1,1,0,0,0,-2,-1.8,0.2,-0.8,0,64,0
